{"variance_metrics": {"full_set_var_sum": 0.8165438771247864, "full_set_var_values": [0.03291234001517296, 0.025828305631875992, 0.023936757817864418, 0.02054804190993309, 0.020237525925040245, 0.019002532586455345, 0.01822548173367977, 0.017103085294365883, 0.015914812684059143, 0.014784605242311954, 0.014578389935195446, 0.014378313906490803, 0.013679811730980873, 0.012994806282222271, 0.012477683834731579, 0.012197737582027912, 0.012016027234494686, 0.011449264362454414, 0.011101756244897842, 0.010759075172245502, 0.010612031444907188, 0.010415488854050636, 0.010318691842257977, 0.010059779509902, 0.009825649671256542, 0.009677499532699585, 0.009311308152973652, 0.009236070327460766, 0.009159115143120289, 0.009026555344462395, 0.008710982277989388, 0.008611645549535751, 0.00853592436760664, 0.008396183140575886, 0.008303442969918251, 0.008121505379676819, 0.007971815764904022, 0.007804696913808584, 0.007727846037596464, 0.007506393827497959, 0.007494653109461069, 0.00733330799266696, 0.007191167678683996, 0.007066953461617231, 0.006982219405472279, 0.006826659664511681, 0.006773985922336578, 0.006730599794536829, 0.006707130931317806, 0.006585997063666582, 0.0065429010428488255, 0.0064396304078400135, 0.006343950517475605, 0.006314973346889019, 0.006180466618388891, 0.006066205445677042, 0.006007797084748745, 0.005835566204041243, 0.005800499115139246, 0.005717743653804064, 0.005698953755199909, 0.005617096554487944, 0.005504096392542124, 0.005341570358723402, 0.00527909817174077, 0.005238410551100969, 0.005181265529245138, 0.005138251930475235, 0.00504962308332324, 0.0049651083536446095, 0.004906103480607271, 0.004822486080229282, 0.0047179036773741245, 0.004681919235736132, 0.004575199913233519, 0.004549989942461252, 0.00448883231729269, 0.004472595639526844, 0.0043909065425395966, 0.004320018459111452, 0.004232767038047314, 0.004181355237960815, 0.004139116499572992, 0.004079786129295826, 0.0039046085439622402, 0.0038881120271980762, 0.0038435927126556635, 0.0038308731745928526, 0.00376978050917387, 0.003709271317347884, 0.0036191546823829412, 0.003570004366338253, 0.0035140891559422016, 0.0034294570796191692, 0.003375985426828265, 0.0033660850021988153, 0.00327854766510427, 0.0032185986638069153, 0.0031641325913369656, 0.003087785793468356], "subsets_self_expl_vars": [0.821002185344696, 0.8195557594299316, 0.8178446292877197, 0.8177450895309448, 0.8172677159309387, 0.8172491788864136, 0.8167484402656555, 0.8166484236717224, 0.8164464831352234, 0.8165047764778137], "r2_values": [0.8108232236260067, 0.8145699755683248, 0.8154027918000701, 0.8158828506006472, 0.8162963753618506, 0.8166455631271277, 0.8165468490392218, 0.8166031999592711, 0.8167548440264137, 0.8168919751574338], "subset_sizes": [4713, 9426, 14139, 18852, 23565, 28278, 32991, 37704, 42417, 47130]}, "modelling_metrics": {"subset_size": [9425, 18850, 28275, 37700, 47125, 56550, 65975, 75400, 84825, 94250], "test_accuracies": [0.8585026542192934, 0.8720483250961011, 0.8777228628958448, 0.8570382573677466, 0.8824821526633718, 0.900604063701263, 0.899505766062603, 0.8985905180303863, 0.9004210140948197, 0.9079260479589969], "test_losses": [0.34051641821861267, 0.3062171936035156, 0.29921409487724304, 0.34599900245666504, 0.2753126919269562, 0.2524647116661072, 0.2546231150627136, 0.24806247651576996, 0.25344666838645935, 0.23963262140750885]}}