{"variance_metrics": {"full_set_var_sum": 0.8232427835464478, "full_set_var_values": [0.03520980104804039, 0.02766472101211548, 0.02553473971784115, 0.022578483447432518, 0.020627809688448906, 0.0197560116648674, 0.01834406889975071, 0.017385194078087807, 0.01654207706451416, 0.015510565601289272, 0.014985325746238232, 0.014684800989925861, 0.014047842472791672, 0.013340858742594719, 0.0127522898837924, 0.012557554058730602, 0.012280947528779507, 0.01175361592322588, 0.01115002203732729, 0.01104089617729187, 0.010777423158288002, 0.010570143349468708, 0.010394037701189518, 0.010139122605323792, 0.009814764373004436, 0.009713122621178627, 0.009420382790267467, 0.009335711598396301, 0.009076859802007675, 0.008987333625555038, 0.008800639770925045, 0.008649617433547974, 0.008420800790190697, 0.008365974761545658, 0.008211778476834297, 0.008138803765177727, 0.00794525258243084, 0.007743291091173887, 0.007634865585714579, 0.007502974011003971, 0.007371930405497551, 0.007333386689424515, 0.007154146209359169, 0.006993042305111885, 0.006841892376542091, 0.006794625427573919, 0.006745269522070885, 0.006590515375137329, 0.0065201809629797935, 0.006473185028880835, 0.006431613117456436, 0.006317026913166046, 0.00622425926849246, 0.006142871454358101, 0.006057858932763338, 0.0060184127651154995, 0.0058151367120444775, 0.0057826885022223, 0.0057099685072898865, 0.005638282746076584, 0.005508956965059042, 0.005487512331455946, 0.005335792433470488, 0.005225781816989183, 0.00513042788952589, 0.005088444799184799, 0.0050514861941337585, 0.004969135392457247, 0.004873399157077074, 0.004837606567889452, 0.004744249861687422, 0.004663598723709583, 0.0046292683109641075, 0.004537399858236313, 0.004475023131817579, 0.004408958833664656, 0.0043627056293189526, 0.00428976071998477, 0.004221977666020393, 0.004188843537122011, 0.004136761650443077, 0.004059762228280306, 0.003984441515058279, 0.003956362139433622, 0.003814870258793235, 0.003792346687987447, 0.0037439102306962013, 0.00369692943058908, 0.0036396405193954706, 0.0035618331748992205, 0.003502755193039775, 0.0034875478595495224, 0.003365747630596161, 0.003346840152516961, 0.003253699978813529, 0.0032035941258072853, 0.0031497946474701166, 0.0031069188844412565, 0.0030386019498109818, 0.003023350378498435], "subsets_self_expl_vars": [0.8278098702430725, 0.826012134552002, 0.8245452642440796, 0.8241685032844543, 0.8235108852386475, 0.8232882022857666, 0.8238078951835632, 0.8233373761177063, 0.8234051465988159, 0.82331383228302], "r2_values": [0.817986930032769, 0.8210852428649813, 0.8222555100164652, 0.8226891053089942, 0.8231402834311655, 0.8230698765310265, 0.8234204697724583, 0.8233567919000466, 0.8236173014995648, 0.8236630638919457], "subset_sizes": [4712, 9424, 14136, 18848, 23560, 28272, 32984, 37696, 42408, 47120]}, "modelling_metrics": {"subset_size": [9425, 18850, 28275, 37700, 47125, 56550, 65975, 75400, 84825, 94250], "test_accuracies": [0.8585026542192934, 0.8720483250961011, 0.8777228628958448, 0.8570382573677466, 0.8824821526633718, 0.900604063701263, 0.899505766062603, 0.8985905180303863, 0.9004210140948197, 0.9079260479589969], "test_losses": [0.34051641821861267, 0.3062171936035156, 0.29921409487724304, 0.34599900245666504, 0.2753126919269562, 0.2524647116661072, 0.2546231150627136, 0.24806247651576996, 0.25344666838645935, 0.23963262140750885]}}