{"variance_metrics": {"full_set_var_sum": 0.8397982716560364, "full_set_var_values": [0.05611594766378403, 0.04465611279010773, 0.03129613772034645, 0.030705329030752182, 0.02727535367012024, 0.024872951209545135, 0.022365424782037735, 0.021153714507818222, 0.019139515236020088, 0.017565401270985603, 0.016443615779280663, 0.015289866365492344, 0.01448085717856884, 0.013943171128630638, 0.01301494799554348, 0.0124394241720438, 0.012035754509270191, 0.011789215728640556, 0.011512253433465958, 0.011281601153314114, 0.010572782717645168, 0.010197187773883343, 0.009920958429574966, 0.00952432956546545, 0.009425406344234943, 0.009009674191474915, 0.008841355331242085, 0.008641671389341354, 0.008285819552838802, 0.008250020444393158, 0.008010626770555973, 0.007741503417491913, 0.007578868418931961, 0.007377189584076405, 0.007259075995534658, 0.007116722874343395, 0.007054456509649754, 0.0068313367664813995, 0.006595098413527012, 0.006447979249060154, 0.00639139860868454, 0.006265939213335514, 0.006182163022458553, 0.006039473228156567, 0.00583275780081749, 0.005661282688379288, 0.005597676150500774, 0.005492119584232569, 0.005438375752419233, 0.005427197553217411, 0.005308835301548243, 0.005176699720323086, 0.005143055692315102, 0.005069301463663578, 0.0049420674331486225, 0.004885517526417971, 0.0048543238081038, 0.004786187317222357, 0.0046579716727137566, 0.004596831277012825, 0.004525680094957352, 0.004486013203859329, 0.00443224236369133, 0.004358635284006596, 0.004324470646679401, 0.004272432066500187, 0.004171082284301519, 0.004111114423722029, 0.004100434947758913, 0.004020742140710354, 0.003974332008510828, 0.003939790651202202, 0.003913138527423143, 0.0038390695117413998, 0.0038101989775896072, 0.0037614384200423956, 0.0035965568386018276, 0.00356847676448524, 0.003526551416143775, 0.0034955190494656563, 0.003439818974584341, 0.0034125852398574352, 0.0033630135003477335, 0.0032857514452189207, 0.0032502252142876387, 0.003218970028683543, 0.0031384823378175497, 0.0031247050501406193, 0.0030540183652192354, 0.003006062936037779, 0.0029645569156855345, 0.002930605551227927, 0.002858125837519765, 0.0028226119466125965, 0.0028057254385203123, 0.0026911126915365458, 0.002671829191967845, 0.0026194064412266016, 0.0025674104690551758, 0.002537498017773032], "subsets_self_expl_vars": [0.8547437787055969, 0.8458470702171326, 0.8432543873786926, 0.8429859280586243, 0.8407890200614929, 0.8407787680625916, 0.8405994176864624, 0.8400323390960693, 0.8398231267929077, 0.8396920561790466], "r2_values": [0.8266564514813872, 0.8336323743400906, 0.8363991774508585, 0.8378054295964694, 0.8386362012288991, 0.838929409023129, 0.8392428453924614, 0.8397111370747846, 0.8398897367412383, 0.8400003662460842], "subset_sizes": [1844, 3688, 5532, 7376, 9220, 11064, 12908, 14752, 16596, 18440]}, "modelling_metrics": {"subset_size": [1844, 3688, 5532, 7376, 9220, 11064, 12908, 14752, 16596, 18440], "test_accuracies": [0.7564505978602895, 0.8244178728760226, 0.8357457520453115, 0.8502202643171806, 0.8590308370044053, 0.8665827564505979, 0.8842039018250472, 0.8697293895531781, 0.8942731277533039, 0.8835745752045312], "test_losses": [0.5138194561004639, 0.4658301770687103, 0.38677743077278137, 0.3482964038848877, 0.3302682936191559, 0.3644043505191803, 0.3085756003856659, 0.318889319896698, 0.27874234318733215, 0.2828092575073242]}}