{"variance_metrics": {"full_set_var_sum": 0.8285273909568787, "full_set_var_values": [0.041195183992385864, 0.03737594187259674, 0.03241831436753273, 0.0279122032225132, 0.02042466029524803, 0.019073758274316788, 0.018287625163793564, 0.017793674021959305, 0.01691342331469059, 0.015728650614619255, 0.015252454206347466, 0.014074371196329594, 0.013477472588419914, 0.013031326234340668, 0.01260344311594963, 0.011925622820854187, 0.01183782797306776, 0.011456011794507504, 0.011322693899273872, 0.010873396880924702, 0.010707639157772064, 0.01049008872359991, 0.010153072886168957, 0.009762761183083057, 0.009514139965176582, 0.009414061903953552, 0.009113209322094917, 0.008941298350691795, 0.008719785138964653, 0.008637131191790104, 0.008390272036194801, 0.008241375908255577, 0.008110051043331623, 0.008007076568901539, 0.007913310080766678, 0.007732263766229153, 0.0076059442944824696, 0.007453422527760267, 0.007354367524385452, 0.007251568138599396, 0.007088539656251669, 0.006956500466912985, 0.006811491679400206, 0.006739362142980099, 0.0066464804112911224, 0.006541532464325428, 0.006469040643423796, 0.006435329560190439, 0.0062786974012851715, 0.006217289250344038, 0.006138537544757128, 0.006053081713616848, 0.005910038948059082, 0.005789876915514469, 0.005769784562289715, 0.005669791717082262, 0.005614737514406443, 0.0054621449671685696, 0.005374690983444452, 0.0053083524107933044, 0.005266993306577206, 0.005143676418811083, 0.005094679072499275, 0.0049754236824810505, 0.004943914711475372, 0.004866838920861483, 0.004777741618454456, 0.004756616428494453, 0.004652064293622971, 0.004593273624777794, 0.004544249270111322, 0.0044753216207027435, 0.004428924527019262, 0.004304401110857725, 0.0042775520123541355, 0.004198350477963686, 0.0041196588426828384, 0.0040770177729427814, 0.004039027728140354, 0.003983195871114731, 0.0039066229946911335, 0.003887100610882044, 0.0037390715442597866, 0.0037251056637614965, 0.003642528783529997, 0.0035891649313271046, 0.0035276308190077543, 0.003481833264231682, 0.0034667884465306997, 0.0033843391574919224, 0.0033379828091710806, 0.0032911316957324743, 0.003200672334060073, 0.0031661868561059237, 0.0030905772000551224, 0.00306128547526896, 0.002995086368173361, 0.0029791847337037325, 0.002924068830907345, 0.0028458551969379187], "subsets_self_expl_vars": [0.8381060361862183, 0.8326180577278137, 0.830518901348114, 0.829848051071167, 0.8296047449111938, 0.8289145231246948, 0.8293508291244507, 0.8286390900611877, 0.8284708857536316, 0.8284434676170349], "r2_values": [0.8194239879093262, 0.8248587116185668, 0.8263771237734968, 0.8272929787529253, 0.8278226209060102, 0.8280728970018988, 0.8285131431390989, 0.8284458308608627, 0.828663988974056, 0.828785126434884], "subset_sizes": [2776, 5552, 8328, 11104, 13880, 16656, 19432, 22208, 24984, 27760]}, "modelling_metrics": {"subset_size": [2776, 5552, 8328, 11104, 13880, 16656, 19432, 22208, 24984, 27760], "test_accuracies": [0.7488142093046726, 0.7539610455141791, 0.7385205368856596, 0.7671813502876174, 0.7749520637804016, 0.7663740034312242, 0.7681905338581088, 0.7604198203653244, 0.7667776768594208, 0.7641537995761429], "test_losses": [0.5301788449287415, 0.49152493476867676, 0.5050573348999023, 0.48036161065101624, 0.4612995982170105, 0.47880133986473083, 0.5009187459945679, 0.4855095446109772, 0.46875518560409546, 0.4837934374809265]}}