{"variance_metrics": {"full_set_var_sum": 0.8548075556755066, "full_set_var_values": [0.04348822683095932, 0.035667601972818375, 0.02847617119550705, 0.024566346779465675, 0.019576048478484154, 0.017785390838980675, 0.016573002561926842, 0.015938039869070053, 0.014675590209662914, 0.014156904071569443, 0.013434045948088169, 0.013030113652348518, 0.01170832198113203, 0.01103251799941063, 0.010710635222494602, 0.010331254452466965, 0.009816947393119335, 0.009449420496821404, 0.009226726368069649, 0.008620928972959518, 0.00836295634508133, 0.007970518432557583, 0.007848026230931282, 0.007581137120723724, 0.007324179634451866, 0.006992239039391279, 0.006736306007951498, 0.006506618112325668, 0.0062790862284600735, 0.006236234679818153, 0.006075234152376652, 0.006041933782398701, 0.006000405643135309, 0.005873729009181261, 0.00577862374484539, 0.0055580404587090015, 0.005435663275420666, 0.0052622356452047825, 0.005245286505669355, 0.005231725051999092, 0.005039181560277939, 0.00499191926792264, 0.004888097755610943, 0.004803529474884272, 0.004768331069499254, 0.004689244087785482, 0.0046161781065166, 0.004594915080815554, 0.004527575336396694, 0.004440006334334612, 0.0044110422022640705, 0.004343475215137005, 0.004249017219990492, 0.004189284984022379, 0.004159095697104931, 0.0040634931065142155, 0.003995485138148069, 0.003958405461162329, 0.003924328368157148, 0.00391136622056365, 0.0038694613613188267, 0.003823596751317382, 0.003791125025600195, 0.0037524241488426924, 0.0037243319675326347, 0.0036451267078518867, 0.0036400440149009228, 0.0036324230022728443, 0.0035475222393870354, 0.0035056283231824636, 0.0034995346795767546, 0.003434097860008478, 0.003396671963855624, 0.003390539437532425, 0.003348710248246789, 0.003311767941340804, 0.003291419008746743, 0.003251786343753338, 0.0032188876066356897, 0.0032072956673800945, 0.0031782793812453747, 0.00312595977447927, 0.0030766832642257214, 0.0030723989475518465, 0.003058899659663439, 0.003001939272508025, 0.002975341398268938, 0.002939197700470686, 0.002919264603406191, 0.0028998232446610928, 0.0028779171407222748, 0.002847899217158556, 0.002823917893692851, 0.002784815151244402, 0.0027204451616853476, 0.002690080553293228, 0.00268537737429142, 0.002655633958056569, 0.002628832124173641, 0.002616460435092449, 0.0026024740654975176, 0.002580632222816348, 0.002550052013248205, 0.002530105412006378, 0.0025146882981061935, 0.0024801217950880527, 0.0024652963038533926, 0.002448062878102064, 0.0024196442682296038, 0.002376385498791933, 0.0023684718180447817, 0.0023547038435935974, 0.002328995382413268, 0.002300966065376997, 0.0022851054091006517, 0.0022608942817896605, 0.0022269324399530888, 0.0022143248934298754, 0.0021912422962486744, 0.0021533817052841187, 0.0021322474349290133, 0.002125894883647561, 0.002098941942676902, 0.002087691565975547, 0.0020701244939118624, 0.0020492668263614178, 0.0020419610664248466, 0.002018552040681243, 0.001993142534047365, 0.0019898272585123777, 0.0019814393017441034, 0.0019414471462368965, 0.0019309510244056582, 0.0019124068785458803, 0.001905932673253119, 0.0018970905803143978, 0.0018893417436629534, 0.0018653742736205459, 0.0018559759482741356, 0.0018247198313474655, 0.0018143851775676012, 0.0017915110802277923, 0.0017826895928010345, 0.001772748539224267, 0.0017655252013355494, 0.0017572457436472178, 0.0017492985352873802, 0.0017206566408276558, 0.0017050988972187042, 0.001700422610156238, 0.0016883857315406203, 0.001663009636104107, 0.0016408174997195601, 0.0016257641837000847, 0.0016148523427546024, 0.0015984858619049191, 0.001572878914885223, 0.0015648403204977512, 0.0015448554186150432, 0.0015188265824690461, 0.0015144547214731574, 0.0015093329129740596, 0.0015034201787784696, 0.0014875781489536166, 0.0014844583347439766, 0.0014755383599549532, 0.001455475576221943, 0.0014443397521972656, 0.0014389812713488936, 0.0014202669262886047, 0.0013992160093039274, 0.001381941488943994, 0.001364482450298965, 0.0013488264521583915, 0.0013231413904577494, 0.0013170340098440647, 0.0013026704546064138, 0.0012893297243863344, 0.0012709919828921556, 0.001261815894395113, 0.0012586333323270082, 0.0012396504171192646, 0.0012227712431922555, 0.0012075776467099786, 0.0011988067999482155, 0.001198182930238545, 0.0011860282393172383, 0.0011844792170450091, 0.001172491000033915, 0.0011618611169978976, 0.0011506917653605342, 0.001127505791373551, 0.0011211246019229293, 0.0011083862045779824, 0.0011017320211976767, 0.0010871575213968754, 0.001077035441994667, 0.001057350542396307, 0.0010404066415503621, 0.0010253633372485638], "subsets_self_expl_vars": [0.8704614639282227, 0.8617461919784546, 0.8577054738998413, 0.8576604127883911, 0.8564075231552124, 0.8561577796936035, 0.855516791343689, 0.8552068471908569, 0.8551585674285889, 0.8550258874893188], "r2_values": [0.8411859981246662, 0.8487844275561733, 0.8513366383833808, 0.8529798364133824, 0.8536601325151819, 0.8542671077744504, 0.8546646764762648, 0.8548811969909692, 0.8551485649509256, 0.8553861563253344], "subset_sizes": [2776, 5552, 8328, 11104, 13880, 16656, 19432, 22208, 24984, 27760]}, "modelling_metrics": {"subset_size": [2776, 5552, 8328, 11104, 13880, 16656, 19432, 22208, 24984, 27760], "test_accuracies": [0.7681905338581088, 0.7786860429912201, 0.7558784942981128, 0.7762640024220405, 0.7641537995761429, 0.7736401251387628, 0.7686951256433545, 0.7743465536381068, 0.7603189020082753, 0.7701079826420426], "test_losses": [0.5123546123504639, 0.47365429997444153, 0.5184621214866638, 0.48699021339416504, 0.5021765232086182, 0.4979824125766754, 0.5069985389709473, 0.46522435545921326, 0.49752670526504517, 0.4919816255569458]}}