{"variance_metrics": {"full_set_var_sum": 0.8710907697677612, "full_set_var_values": [0.041886232793331146, 0.030253522098064423, 0.02797858603298664, 0.025096870958805084, 0.022554472088813782, 0.02036859653890133, 0.019588777795433998, 0.01829903945326805, 0.017942044883966446, 0.01728775165975094, 0.016617989167571068, 0.015671873465180397, 0.015462427400052547, 0.01530469674617052, 0.014727557078003883, 0.014520935714244843, 0.014269335195422173, 0.013740269467234612, 0.013181610964238644, 0.012954175472259521, 0.01245217677205801, 0.012364615686237812, 0.012326414696872234, 0.011358814314007759, 0.011177626438438892, 0.010996265336871147, 0.010531667619943619, 0.010480167344212532, 0.010342537425458431, 0.010125115513801575, 0.009736034087836742, 0.009667199105024338, 0.009356039576232433, 0.009247565641999245, 0.008910716511309147, 0.00872044637799263, 0.008668620139360428, 0.00852538738399744, 0.008342702873051167, 0.008138062432408333, 0.007881417870521545, 0.007685313932597637, 0.007506071589887142, 0.007352754939347506, 0.007309090346097946, 0.007139280904084444, 0.006950962822884321, 0.00689349789172411, 0.006753466557711363, 0.006422621197998524, 0.006373216398060322, 0.006229158025234938, 0.006200422067195177, 0.006129959598183632, 0.0060014426708221436, 0.005887867882847786, 0.005829216446727514, 0.005769934039562941, 0.005642418749630451, 0.0055319094099104404, 0.005362034309655428, 0.005313786678016186, 0.005154052749276161, 0.005032326094806194, 0.004978754557669163, 0.004923997912555933, 0.0047765858471393585, 0.004629085306078196, 0.004574064165353775, 0.004453490488231182, 0.004351031966507435, 0.004308108706027269, 0.004256092011928558, 0.0041767447255551815, 0.004125684034079313, 0.004082248546183109, 0.003980365116149187, 0.0038784376811236143, 0.003850648645311594, 0.0037236071657389402, 0.0035714840050786734, 0.0035513907205313444, 0.0034832297824323177, 0.0034435722045600414, 0.003356012050062418, 0.0033472622744739056, 0.00327936839312315, 0.003191724419593811, 0.003114286344498396, 0.0030736105982214212, 0.0030221964698284864, 0.002917196601629257, 0.002848841715604067, 0.002846010262146592, 0.002788718556985259, 0.002662142738699913, 0.0025880697648972273, 0.0025496650487184525, 0.0024919488932937384, 0.002367934212088585], "subsets_self_expl_vars": [0.906896710395813, 0.8902566432952881, 0.8814262747764587, 0.8770766854286194, 0.8753763437271118, 0.8734922409057617, 0.8716984391212463, 0.8718619346618652, 0.8714673519134521, 0.8709856867790222], "r2_values": [0.8363616618175206, 0.8535437299004375, 0.8607100539273099, 0.8652907646079632, 0.8669598629906159, 0.8683585597402822, 0.8696667557265702, 0.8701173748198096, 0.870691749128219, 0.8712321880632071], "subset_sizes": [483, 966, 1449, 1932, 2415, 2898, 3381, 3864, 4347, 4830]}, "modelling_metrics": {"subset_size": [1524, 3048, 4572, 6096, 7620, 9144, 10668, 12192, 13716, 15240], "test_accuracies": [0.364, 0.391, 0.384, 0.386, 0.395, 0.39, 0.408, 0.422, 0.444, 0.429], "test_losses": [1.453943133354187, 1.3781349658966064, 1.4177685976028442, 1.3938406705856323, 1.4281091690063477, 1.3248783349990845, 1.3543859720230103, 1.4117305278778076, 1.3711957931518555, 1.5457777976989746]}}