{"variance_metrics": {"full_set_var_sum": 0.8149231234098928, "full_set_var_values": [0.043972975463898785, 0.035065998585555834, 0.02571983267488859, 0.023212317507458353, 0.01827461474372298, 0.01736680162294873, 0.016492580571073546, 0.015976859012137405, 0.015756930830405292, 0.014440196746786394, 0.01390490167517348, 0.01372128896373392, 0.012872387375764512, 0.01269668368890408, 0.011894718491490524, 0.011567098021195451, 0.011398244833657705, 0.01101541766895534, 0.010919164356587565, 0.010565264846230335, 0.010194533633724709, 0.01006512546941161, 0.009742431743842726, 0.009527811145814935, 0.00945643030054627, 0.0092654562362907, 0.009084724554462159, 0.008960023375827443, 0.00878065109355378, 0.008517534506073279, 0.008442670307311259, 0.008311366577389474, 0.008043566590934671, 0.007997620841950336, 0.007900963103900344, 0.007654627018161809, 0.00748174798293678, 0.007376475920327005, 0.007184745355684356, 0.0071252752206925505, 0.007105137928259631, 0.006983989712659589, 0.006937888061314116, 0.00686072559711759, 0.006815394828295831, 0.006712943390323202, 0.00654995984038953, 0.006516328652078808, 0.0064222867370402545, 0.006418370768876877, 0.006282085642109683, 0.006241637321033273, 0.00611656220684601, 0.006027403890123737, 0.005959938437732986, 0.005858380418088213, 0.0057875616267193015, 0.0057270059280541755, 0.005646102382475772, 0.005580353006628483, 0.005514508708679393, 0.005467728220484679, 0.005379854516206776, 0.005275146233353151, 0.005195242533913714, 0.005124742450692668, 0.005081273880922599, 0.005012029070587183, 0.004905415442271958, 0.004830968900757865, 0.004767387488187158, 0.004714892114178575, 0.004668714525151661, 0.004561613630047193, 0.004538169884401548, 0.004479741591387689, 0.004414950353483122, 0.004372083532309924, 0.004345956655253379, 0.004287590493069789, 0.0041992864752637225, 0.004152625071160358, 0.004045707404476639, 0.00398568787186532, 0.003942254682151378, 0.0038855568478176187, 0.00383276577707979, 0.0037986749356821664, 0.003776454822221552, 0.003753591827253288, 0.0036983831193468687, 0.0036565178701690342, 0.003588976480096842, 0.00352523858987953, 0.0034610951234090707, 0.003380624192500691, 0.0032726379330648824, 0.00321099293137091, 0.0032013373401186492, 0.0031185888540525186], "subsets_self_expl_vars": [0.8169642090797424, 0.815582811832428, 0.8154834508895874, 0.8149210810661316, 0.8151988983154297, 0.8149690426891351, 0.8148091849980336, 0.8148571883111705, 0.814065934210685, 0.8148148128599082], "r2_values": [0.8127842264195231, 0.8141756927171742, 0.8146448562522697, 0.8146336579497022, 0.8149525895008021, 0.8149884862617122, 0.815031757258153, 0.8151130493279768, 0.8144825493907638, 0.8151910975311528], "subset_sizes": [13090, 26180, 39270, 52360, 65450, 78540, 91630, 104720, 117810, 130900]}, "modelling_metrics": {"subset_size": [39269, 78538, 117807, 157076, 196345, 235614, 274883, 314152, 353421, 392690], "test_accuracies": [0.7872253864930838, 0.7971928397070789, 0.8101098454027664, 0.8205858421480878, 0.8246541903986981, 0.8275020341741253, 0.8225183075671277, 0.8364524003254679, 0.8216029292107404, 0.8364524003254679], "test_losses": [0.5458050966262817, 0.5065803527832031, 0.49007073044776917, 0.4703911542892456, 0.4529756009578705, 0.4586998224258423, 0.44616609811782837, 0.4381905198097229, 0.4609995186328888, 0.4381905198097229]}}