{"variance_metrics": {"full_set_var_sum": 0.8257007002830505, "full_set_var_values": [0.04132744297385216, 0.027347607538104057, 0.026457684114575386, 0.02002277411520481, 0.01816338114440441, 0.017449703067541122, 0.017050456255674362, 0.015836801379919052, 0.0143128065392375, 0.01400376670062542, 0.013680859468877316, 0.013072177767753601, 0.01304136123508215, 0.01276189275085926, 0.012327875941991806, 0.011756451800465584, 0.011665407568216324, 0.01149341557174921, 0.011223587207496166, 0.011029587127268314, 0.010940046980977058, 0.010761147364974022, 0.010177411139011383, 0.009994499385356903, 0.009906060062348843, 0.009770452976226807, 0.009526409208774567, 0.009434827603399754, 0.009337502531707287, 0.009267082437872887, 0.009224168956279755, 0.008890028111636639, 0.008823636919260025, 0.00863499566912651, 0.008476220071315765, 0.00829070433974266, 0.008271932601928711, 0.008011190220713615, 0.007859512232244015, 0.00776497321203351, 0.007630320265889168, 0.007508814334869385, 0.007502928841859102, 0.007375712972134352, 0.0072640590369701385, 0.007171273697167635, 0.0070200152695178986, 0.006908287759870291, 0.006847731303423643, 0.006797451991587877, 0.006730537861585617, 0.006611589342355728, 0.006555246189236641, 0.006421486381441355, 0.006314958445727825, 0.006246151868253946, 0.006133785005658865, 0.006103535182774067, 0.005933782551437616, 0.005824677646160126, 0.005735183600336313, 0.005635228008031845, 0.0056183007545769215, 0.005603327415883541, 0.005409878212958574, 0.005293986294418573, 0.005234649870544672, 0.005149016622453928, 0.005110650788992643, 0.0050760176964104176, 0.005007925443351269, 0.004947674926370382, 0.004850486759096384, 0.004722211044281721, 0.0047016446478664875, 0.004627539310604334, 0.004496380686759949, 0.0044531021267175674, 0.004310543183237314, 0.004276344086974859, 0.004204023163765669, 0.004173922352492809, 0.00407396350055933, 0.004026393406093121, 0.0039292932488024235, 0.0039040802512317896, 0.003862834069877863, 0.003817568998783827, 0.0037622847594320774, 0.003712342120707035, 0.003605159232392907, 0.0035873749293386936, 0.0035056842025369406, 0.0034904074855148792, 0.00340579473413527, 0.0033517719712108374, 0.003244664752855897, 0.0031975056044757366, 0.0031722290441393852, 0.003123190486803651], "subsets_self_expl_vars": [0.8358534574508667, 0.8302366733551025, 0.8278934955596924, 0.8267619609832764, 0.8268779516220093, 0.8263923525810242, 0.8262798190116882, 0.8261419534683228, 0.8258007764816284, 0.8256489634513855], "r2_values": [0.8152769648963897, 0.8210176653664832, 0.822981061573607, 0.8240900865242218, 0.824908006001474, 0.8252917871780967, 0.8254608134710247, 0.8257621318624151, 0.8257533808900388, 0.8259904424310555], "subset_sizes": [2465, 4930, 7395, 9860, 12325, 14790, 17255, 19720, 22185, 24650]}, "modelling_metrics": {"subset_size": [9041, 18082, 27123, 36164, 45205, 54246, 63287, 72328, 81369, 90410], "test_accuracies": [0.4166666666666667, 0.4266666666666667, 0.4625, 0.44916666666666666, 0.4608333333333333, 0.445, 0.4625, 0.45666666666666667, 0.445, 0.4508333333333333], "test_losses": [1.1931281089782715, 1.3332561254501343, 1.4984503984451294, 1.5245168209075928, 1.480241298675537, 1.2245759963989258, 1.6270756721496582, 1.2881805896759033, 1.2840900421142578, 1.5050774812698364]}}