{"variance_metrics": {"full_set_var_sum": 0.8272321224212646, "full_set_var_values": [0.03785114735364914, 0.027753446251153946, 0.026331881061196327, 0.020453862845897675, 0.018432287499308586, 0.017495665699243546, 0.01684897392988205, 0.01654154434800148, 0.014519870281219482, 0.014391127042472363, 0.013626087456941605, 0.013582244515419006, 0.013094475492835045, 0.012809009291231632, 0.01234376709908247, 0.01175033301115036, 0.011490045115351677, 0.011467637494206429, 0.011329497210681438, 0.011046129278838634, 0.01095571368932724, 0.01077057234942913, 0.010487571358680725, 0.01037607528269291, 0.010148406960070133, 0.009945183992385864, 0.009769992902874947, 0.009668284095823765, 0.009561493992805481, 0.009320448152720928, 0.009167121723294258, 0.008977489545941353, 0.008744260296225548, 0.008673643693327904, 0.008538919501006603, 0.008426900953054428, 0.008257816545665264, 0.008118607103824615, 0.00802086852490902, 0.007907329127192497, 0.007787455804646015, 0.007712331134825945, 0.007582957856357098, 0.007443503011018038, 0.007231045048683882, 0.007129312492907047, 0.007079238537698984, 0.007031779270619154, 0.006981316953897476, 0.0068625048734247684, 0.006795108783990145, 0.006571218837052584, 0.006529935169965029, 0.0064892820082604885, 0.006371118128299713, 0.006251823157072067, 0.00608109962195158, 0.005981941241770983, 0.005892179906368256, 0.005827309563755989, 0.005805104970932007, 0.005757879465818405, 0.0055247945711016655, 0.00544110918417573, 0.0053919837810099125, 0.00538157531991601, 0.005221817642450333, 0.005130361765623093, 0.00507389847189188, 0.005061812698841095, 0.004885318223387003, 0.004858249798417091, 0.004723620135337114, 0.004682455211877823, 0.004602288361638784, 0.004560983739793301, 0.004511475097388029, 0.004427309148013592, 0.004353026393800974, 0.004257039166986942, 0.004243248142302036, 0.004169098567217588, 0.00412770826369524, 0.004038203042000532, 0.003975984640419483, 0.003965585958212614, 0.0038612165953963995, 0.0038238251581788063, 0.003752606688067317, 0.0036450629122555256, 0.0035876717884093523, 0.003559646662324667, 0.003478235099464655, 0.0034426888450980186, 0.00337109318934381, 0.0033153833355754614, 0.0032718610018491745, 0.0031645840499550104, 0.0031153743620961905, 0.003042760770767927], "subsets_self_expl_vars": [0.8334510922431946, 0.8301054835319519, 0.829242467880249, 0.8283128142356873, 0.827628493309021, 0.8276951909065247, 0.8281303644180298, 0.8271295428276062, 0.8274263143539429, 0.8273653388023376], "r2_values": [0.8206532130418271, 0.8246150212654627, 0.8260866974903162, 0.826480989737064, 0.826964970598227, 0.8269568178225456, 0.827532606020421, 0.8272872364244926, 0.8274445739763719, 0.8276892772004615], "subset_sizes": [3670, 7340, 11010, 14680, 18350, 22020, 25690, 29360, 33030, 36700]}, "modelling_metrics": {"subset_size": [9041, 18082, 27123, 36164, 45205, 54246, 63287, 72328, 81369, 90410], "test_accuracies": [0.4166666666666667, 0.4266666666666667, 0.4625, 0.44916666666666666, 0.4608333333333333, 0.445, 0.4625, 0.45666666666666667, 0.445, 0.4508333333333333], "test_losses": [1.1931281089782715, 1.3332561254501343, 1.4984503984451294, 1.5245168209075928, 1.480241298675537, 1.2245759963989258, 1.6270756721496582, 1.2881805896759033, 1.2840900421142578, 1.5050774812698364]}}