{"variance_metrics": {"full_set_var_sum": 0.8273158669471741, "full_set_var_values": [0.03758762404322624, 0.027573062106966972, 0.024978816509246826, 0.020999064669013023, 0.018665092065930367, 0.018193764612078667, 0.017559770494699478, 0.01580890826880932, 0.014912009239196777, 0.014187040738761425, 0.01373816654086113, 0.013499109074473381, 0.013167764991521835, 0.012632912956178188, 0.01250414364039898, 0.012140489183366299, 0.011813382618129253, 0.011259052902460098, 0.011059960350394249, 0.010905507951974869, 0.010687979869544506, 0.010450232774019241, 0.010327716358006, 0.010246943682432175, 0.01000424474477768, 0.009881374426186085, 0.009806287474930286, 0.009597361087799072, 0.00946110486984253, 0.009151218459010124, 0.00902189314365387, 0.008814840577542782, 0.008747960440814495, 0.008643455803394318, 0.008591623976826668, 0.008335023187100887, 0.008147881366312504, 0.008089794777333736, 0.00794473197311163, 0.007857290096580982, 0.007682186551392078, 0.00763098057359457, 0.00755570363253355, 0.007427990436553955, 0.007390595972537994, 0.007338647730648518, 0.007180219050496817, 0.0071175857447087765, 0.0070084212347865105, 0.006906377617269754, 0.006858739536255598, 0.006736695766448975, 0.006682672072201967, 0.006547797471284866, 0.006399433594197035, 0.006272754166275263, 0.006221136078238487, 0.006180610507726669, 0.006004725582897663, 0.0059271459467709064, 0.005740493070334196, 0.005666262470185757, 0.00562736252322793, 0.00553475134074688, 0.005502304527908564, 0.005405211355537176, 0.005321478005498648, 0.005202502012252808, 0.0051619792357087135, 0.00499233603477478, 0.004960447549819946, 0.004891304764896631, 0.004874285776168108, 0.004754354245960712, 0.0046334280632436275, 0.004570333287119865, 0.004551110789179802, 0.004489041864871979, 0.004340376239269972, 0.004283078946173191, 0.004230777733027935, 0.00418158620595932, 0.004165341146290302, 0.004010323900729418, 0.003944779746234417, 0.003913405817002058, 0.0038402522914111614, 0.003812565002590418, 0.0037687153089791536, 0.003680676221847534, 0.003599295625463128, 0.003566639730706811, 0.0034864796325564384, 0.00344604579731822, 0.0034116078168153763, 0.0032958209048956633, 0.003249595407396555, 0.003132629906758666, 0.0030697921756654978, 0.002942061284556985], "subsets_self_expl_vars": [0.8360440135002136, 0.8322393298149109, 0.8293024301528931, 0.8288578987121582, 0.8284523487091064, 0.8284567594528198, 0.8282575011253357, 0.8279037475585938, 0.8279921412467957, 0.8277983665466309], "r2_values": [0.8192983210985223, 0.8243103411564936, 0.8258277579392224, 0.8266736057845839, 0.8269542776684276, 0.82762190727142, 0.8278747667685907, 0.82777357349487, 0.8281043783738371, 0.828114191415098], "subset_sizes": [2906, 5812, 8718, 11624, 14530, 17436, 20342, 23248, 26154, 29060]}, "modelling_metrics": {"subset_size": [9041, 18082, 27123, 36164, 45205, 54246, 63287, 72328, 81369, 90410], "test_accuracies": [0.4166666666666667, 0.4266666666666667, 0.4625, 0.44916666666666666, 0.4608333333333333, 0.445, 0.4625, 0.45666666666666667, 0.445, 0.4508333333333333], "test_losses": [1.1931281089782715, 1.3332561254501343, 1.4984503984451294, 1.5245168209075928, 1.480241298675537, 1.2245759963989258, 1.6270756721496582, 1.2881805896759033, 1.2840900421142578, 1.5050774812698364]}}