{"variance_metrics": {"full_set_var_sum": 0.889987234628505, "full_set_var_values": [0.05782736576528626, 0.04623858722154702, 0.03874043001815243, 0.03694343391665856, 0.031384881851863874, 0.029340314496299744, 0.025289931253411554, 0.024196765301069168, 0.02126082952070828, 0.020733286754702047, 0.01990308692787058, 0.019031765285104037, 0.01802181133838525, 0.016324595931607715, 0.015078866720698006, 0.0150012037651008, 0.014685533536725314, 0.014134637271063845, 0.013868896104349037, 0.012820055447426731, 0.012416293146548631, 0.012070559971797632, 0.011355149600479451, 0.011174222695321437, 0.010805030718012375, 0.010310715147373448, 0.010069155450196881, 0.009848282611518685, 0.009484569482300793, 0.009287852303625834, 0.008796766022006911, 0.008653235584501142, 0.008531126544860029, 0.00807251123923272, 0.007928864142628722, 0.007474327259723134, 0.00718223817110164, 0.007038582299255741, 0.006950963057434445, 0.006868762785583104, 0.006633687475981559, 0.0063770880465660335, 0.006220032380335486, 0.0060191144417428765, 0.005870611539222765, 0.0057873592707245606, 0.005651304823128761, 0.005623958072217327, 0.005310801176360768, 0.005220348563786465, 0.005040501013382421, 0.004905080964157079, 0.004807221531226625, 0.00475398213860602, 0.004644752056933123, 0.0045426010145217955, 0.004534722912056427, 0.004362650742168426, 0.004290867198645687, 0.00420376466371522, 0.004113981034288283, 0.004021282992168418, 0.00394481914756761, 0.003884566529999703, 0.003771884939210394, 0.003729669057086394, 0.0036233162223760166, 0.003463875755110872, 0.0034138744267521773, 0.0033697638666633535, 0.0032558650982031406, 0.00316863016035809, 0.0031464349926339443, 0.0030169568145577874, 0.0029983649160158915, 0.00294822086092861, 0.0029312792240550264, 0.0028739216620287927, 0.002812109632355796, 0.0027608033739071744, 0.002621481697274908, 0.002526496156067421, 0.0025100611603660144, 0.0024319359559968404, 0.002405534092161993, 0.002278172812147065, 0.0022480574724154895, 0.0022326120142862295, 0.002214710004615056, 0.0021842813371285015, 0.0020984464375098768, 0.0020497626859132608, 0.002000665852708866, 0.0019776442636738134, 0.0019344351015950902, 0.0019051032102986353, 0.0018239331260370758, 0.0018076998318517442, 0.0017905657848946873, 0.0017500782382823944], "subsets_self_expl_vars": [0.8908993601799011, 0.8902909159660339, 0.8901293873786926, 0.8901320968840335, 0.8901571443552, 0.8901661871507291, 0.8901433841439156, 0.889996556909868, 0.890073161841942, 0.890049679034552], "r2_values": [0.8893530343598778, 0.8897839983502406, 0.8899153288202793, 0.8900138071972185, 0.890073586820478, 0.8901226661303263, 0.8901679880812599, 0.8901016955047025, 0.8901484539164713, 0.8901611628433926], "subset_sizes": [18276, 36552, 54828, 73104, 91380, 109656, 127932, 146208, 164484, 182760]}, "modelling_metrics": {"subset_size": [54935, 109870, 164805, 219740, 274675, 329610, 384545, 439480, 494415, 549350], "test_accuracies": [0.8618688925081434, 0.8737785016286646, 0.8748982084690554, 0.8906758957654723, 0.8856881107491856, 0.8935260586319218, 0.8967833876221498, 0.8974959283387622, 0.8954600977198697, 0.8928135179153095], "test_losses": [0.38428279757499695, 0.33692479133605957, 0.33124399185180664, 0.31537342071533203, 0.3107416331768036, 0.296896755695343, 0.31101366877555847, 0.2919161915779114, 0.294725239276886, 0.29836398363113403]}}