{"variance_metrics": {"full_set_var_sum": 0.8916790804622023, "full_set_var_values": [0.05457646738744289, 0.0459192113007757, 0.0394333167865245, 0.036387675381031284, 0.03298614278390275, 0.02936332668175386, 0.02726384693081153, 0.025752903188874, 0.02257483388343745, 0.020414083589247005, 0.0201487057485641, 0.019641870189559738, 0.01840280955585985, 0.016926419587686297, 0.016387593581766422, 0.015144729507979664, 0.014265299582639163, 0.013866348548429346, 0.013283795766183049, 0.012999806638419613, 0.012582746115527278, 0.012323279055125032, 0.011502987828883118, 0.010954587168604507, 0.01082789425969412, 0.009910588676502569, 0.00967225894140101, 0.009619679844715545, 0.009300606379276858, 0.008971553411515006, 0.008719739043029839, 0.0084718799326182, 0.008431227870042675, 0.007954371835498936, 0.007745974215030588, 0.007596163421961949, 0.00740363424361513, 0.007048704565895326, 0.007021226043004429, 0.006781948644049294, 0.00653074208020546, 0.006285549106717459, 0.006229317855237095, 0.0061070899932186016, 0.005955921894079747, 0.005759384720885085, 0.00567147997582978, 0.0054936126861315545, 0.005372368178510869, 0.005163453844193185, 0.004955630468600698, 0.004925316411874731, 0.0047937855697894214, 0.004753977828297605, 0.004606174761515718, 0.00456433265900265, 0.004470081922104927, 0.004318160859021705, 0.00420366159791362, 0.004181715908420798, 0.004083017170861261, 0.004011784704214752, 0.003920178263758375, 0.003840606461739327, 0.0037277561570442535, 0.003565980242195337, 0.003562809110705543, 0.0034407120252334528, 0.003355216391913842, 0.003304998997136658, 0.0032016964457184725, 0.003178302625710783, 0.0030908029949672515, 0.0030313771734307333, 0.0029992330440971426, 0.0029250382622793337, 0.0028908160909599068, 0.002802704926712212, 0.002765166198252611, 0.002703170124836662, 0.0025490500980729644, 0.0025073630097146964, 0.0024424491011340666, 0.0024044972679423417, 0.0023618561233942166, 0.0023030924413574147, 0.0022580834689120725, 0.002240824427302201, 0.002168337597834325, 0.0021419476365425196, 0.0021078780822517884, 0.0020383260010050017, 0.0019832850558095276, 0.0019415682697222897, 0.0019186277728958229, 0.001852976614864181, 0.0018111935082880336, 0.001792317605120226, 0.0017741647018204715, 0.0017578778280199186], "subsets_self_expl_vars": [0.8925665020942688, 0.8920483589172363, 0.8917521238327026, 0.8919789585045574, 0.8917747286628278, 0.8918135100613539, 0.8917932628415212, 0.8917647925836721, 0.891742455049042, 0.891679647876721], "r2_values": [0.891155841065901, 0.8914187244967032, 0.8916216202891565, 0.8917596749277935, 0.891793615644572, 0.8918371528316152, 0.8918266997420269, 0.8918678142077677, 0.8918303732053466, 0.8918013042048831], "subset_sizes": [18318, 36636, 54954, 73272, 91590, 109908, 128226, 146544, 164862, 183180]}, "modelling_metrics": {"subset_size": [54935, 109870, 164805, 219740, 274675, 329610, 384545, 439480, 494415, 549350], "test_accuracies": [0.8618688925081434, 0.8737785016286646, 0.8748982084690554, 0.8906758957654723, 0.8856881107491856, 0.8935260586319218, 0.8967833876221498, 0.8974959283387622, 0.8954600977198697, 0.8928135179153095], "test_losses": [0.38428279757499695, 0.33692479133605957, 0.33124399185180664, 0.31537342071533203, 0.3107416331768036, 0.296896755695343, 0.31101366877555847, 0.2919161915779114, 0.294725239276886, 0.29836398363113403]}}