{"variance_metrics": {"full_set_var_sum": 0.8902643837068376, "full_set_var_values": [0.05948443505389351, 0.046714669229253894, 0.039696302631969195, 0.03674782673599189, 0.03167728064347853, 0.02797635671808303, 0.02494927156285773, 0.023566364281004653, 0.02179784884795069, 0.020592191702824347, 0.019545420212168884, 0.01918089313529805, 0.017742040848013986, 0.016823069122685972, 0.015245432762901724, 0.015013282079433315, 0.01458801348301667, 0.014499276472669378, 0.013429171075257353, 0.012402843988898363, 0.012133714470418418, 0.01163323685251553, 0.011358120436859544, 0.011146149294957783, 0.010715605432548628, 0.010332613925222013, 0.0100265545463485, 0.009605081982565343, 0.00950277100718503, 0.009278382300923486, 0.008876836409761144, 0.008556095639799345, 0.008382061836146485, 0.007993947983573259, 0.007948490043020335, 0.007510736916949947, 0.007226935502460709, 0.007113505789578753, 0.006820089857996875, 0.006777186593434259, 0.006524645977438339, 0.006516285810254869, 0.006240009995479652, 0.006063458496670457, 0.005966452771742636, 0.0058274103331456256, 0.005691379833553622, 0.005528898542590119, 0.005395833506090153, 0.005243945724837641, 0.005114168484374501, 0.004985212818114817, 0.004844054975866207, 0.004787260410735781, 0.004634170752379064, 0.004570034492222496, 0.00450018269425271, 0.004417108748913671, 0.004312942235201587, 0.004208761229000512, 0.00412403014250657, 0.004057806214323883, 0.004000142849465533, 0.0038413668881440775, 0.003770023863031278, 0.003692039030162372, 0.0036078484135595723, 0.0035372564991692753, 0.003432220186247267, 0.003364678940789452, 0.003280768429016966, 0.003222695526409387, 0.0031611571698396, 0.0030591867679505627, 0.0030147640408784526, 0.0029651115242448024, 0.0029439704809947893, 0.0029102444601501022, 0.0028150348043750923, 0.002771031360001705, 0.002617755548122611, 0.002563837492186283, 0.002516717413068457, 0.002411476206336584, 0.00238438074907551, 0.0023270242251909566, 0.002268144990480411, 0.0022139668193537545, 0.002156260226898933, 0.0021458781076308018, 0.0020832233296677535, 0.0020514021965785563, 0.001978767216046361, 0.0019744903076359408, 0.001946115888221463, 0.0018929660591368767, 0.0018617087588305562, 0.00179868867019675, 0.0017676567530812805, 0.0017502199150560664], "subsets_self_expl_vars": [0.8912191987037659, 0.8904531002044678, 0.8904176950454712, 0.8905417730168488, 0.8902431045194243, 0.8901322093714834, 0.8903199003365093, 0.8900959653172305, 0.8904263105150076, 0.8902594115219404], "r2_values": [0.8895118905406251, 0.8899850921833942, 0.8901943536512257, 0.8902562055448001, 0.8902209699507669, 0.8903300977866624, 0.8903437347059623, 0.8902372215534087, 0.8904698419683033, 0.8903696693369785], "subset_sizes": [18341, 36682, 55023, 73364, 91705, 110046, 128387, 146728, 165069, 183410]}, "modelling_metrics": {"subset_size": [54935, 109870, 164805, 219740, 274675, 329610, 384545, 439480, 494415, 549350], "test_accuracies": [0.8618688925081434, 0.8737785016286646, 0.8748982084690554, 0.8906758957654723, 0.8856881107491856, 0.8935260586319218, 0.8967833876221498, 0.8974959283387622, 0.8954600977198697, 0.8928135179153095], "test_losses": [0.38428279757499695, 0.33692479133605957, 0.33124399185180664, 0.31537342071533203, 0.3107416331768036, 0.296896755695343, 0.31101366877555847, 0.2919161915779114, 0.294725239276886, 0.29836398363113403]}}