{"variance_metrics": {"full_set_var_sum": 0.8370887041091919, "full_set_var_values": [0.04568127915263176, 0.030603904277086258, 0.029345808550715446, 0.026773637160658836, 0.024519093334674835, 0.022191602736711502, 0.020122770220041275, 0.018668340519070625, 0.016999050974845886, 0.016144150868058205, 0.015137027949094772, 0.014888845384120941, 0.014030899852514267, 0.013279969803988934, 0.012955054640769958, 0.012708140537142754, 0.012045628391206264, 0.011758373118937016, 0.011413659900426865, 0.011124931275844574, 0.010817625559866428, 0.010292247869074345, 0.01002019364386797, 0.009915507398545742, 0.009803920984268188, 0.009520446881651878, 0.009171904996037483, 0.009023802354931831, 0.008810066618025303, 0.008649884723126888, 0.008559594862163067, 0.008421440608799458, 0.008254926651716232, 0.00804051198065281, 0.007962911389768124, 0.00775407487526536, 0.007561339996755123, 0.007403508760035038, 0.007246106397360563, 0.007178258150815964, 0.007105580531060696, 0.0070740412920713425, 0.007014679256826639, 0.006922554224729538, 0.0068246969021856785, 0.0067089819349348545, 0.006464548874646425, 0.006378422491252422, 0.0063070207834243774, 0.006212288048118353, 0.006061109714210033, 0.0058831144124269485, 0.005790104158222675, 0.0057428330183029175, 0.005683046765625477, 0.00560482544824481, 0.005448005627840757, 0.0054211365059018135, 0.00535946199670434, 0.0052676876075565815, 0.005207083187997341, 0.005123772192746401, 0.005103485193103552, 0.004990443121641874, 0.00490751164034009, 0.004854612983763218, 0.004812619648873806, 0.004757784307003021, 0.004697390832006931, 0.004640440922230482, 0.00457586208358407, 0.004484464880079031, 0.004402076825499535, 0.0043222736567258835, 0.004283244721591473, 0.004234819207340479, 0.004142707213759422, 0.004127638880163431, 0.004002324305474758, 0.003957236185669899, 0.003932149615138769, 0.0038689591456204653, 0.0038318533916026354, 0.003743118839338422, 0.003711223602294922, 0.003576077288016677, 0.003564021084457636, 0.0034675851929932833, 0.0034420497249811888, 0.0033186052460223436, 0.0032744803465902805, 0.003266038838773966, 0.0031948713585734367, 0.0031813825480639935, 0.003107464872300625, 0.003067995188757777, 0.0029985043220221996, 0.0029840627685189247, 0.0029381101485341787, 0.0029177963733673096], "subsets_self_expl_vars": [0.8464438915252686, 0.8414371013641357, 0.839991569519043, 0.8387501239776611, 0.8379369378089905, 0.8378063440322876, 0.8376032710075378, 0.8375371694564819, 0.8369960188865662, 0.837047278881073], "r2_values": [0.8276989557407224, 0.8333152116265375, 0.8348582168339008, 0.8358689213385557, 0.8361510750043164, 0.8367256165398215, 0.8371137062918986, 0.8372337593332089, 0.8370893248283274, 0.8374123875909663], "subset_sizes": [2500, 5000, 7500, 10000, 12500, 15000, 17500, 20000, 22500, 25000]}, "modelling_metrics": {"subset_size": [2500, 5000, 7500, 10000, 12500, 15000, 17500, 20000, 22500, 25000], "test_accuracies": [0.8818, 0.88252, 0.89428, 0.8922, 0.90108, 0.89912, 0.90104, 0.89888, 0.9002, 0.90496], "test_losses": [0.32870280742645264, 0.2757122814655304, 0.2696215510368347, 0.25755637884140015, 0.2616974115371704, 0.26466870307922363, 0.2645717263221741, 0.25178614258766174, 0.27990618348121643, 0.2558138966560364]}}