{"variance_metrics": {"full_set_var_sum": 0.8980025053024292, "full_set_var_values": [0.04482906311750412, 0.039884280413389206, 0.03169308602809906, 0.027907313778996468, 0.025220295414328575, 0.02330113761126995, 0.022792628034949303, 0.0194107498973608, 0.018278632313013077, 0.01663162000477314, 0.015545649453997612, 0.013401452451944351, 0.012814326211810112, 0.012555957771837711, 0.01156114973127842, 0.011108013801276684, 0.01060487050563097, 0.009991820901632309, 0.009790664538741112, 0.009214677847921848, 0.008950229734182358, 0.008375688455998898, 0.008317716419696808, 0.007897605188190937, 0.007595664355903864, 0.007337720133364201, 0.0070480359718203545, 0.006952623371034861, 0.006645721383392811, 0.006595470942556858, 0.006302056834101677, 0.006221166346222162, 0.0060545396991074085, 0.005912508815526962, 0.005736500956118107, 0.005545713007450104, 0.005422290414571762, 0.00534049142152071, 0.00530272675678134, 0.005182892084121704, 0.005122673232108355, 0.0050509837456047535, 0.005007157102227211, 0.004935098346322775, 0.004866804927587509, 0.004798752721399069, 0.004761809948831797, 0.004730218555778265, 0.004613166209310293, 0.004575015511363745, 0.004535824991762638, 0.00449330871924758, 0.00440814858302474, 0.00435115210711956, 0.004302258603274822, 0.004272240214049816, 0.004234014078974724, 0.0041641173884272575, 0.004115753341466188, 0.004018461797386408, 0.0039915344677865505, 0.00395771861076355, 0.003940426278859377, 0.0039070239290595055, 0.003878206480294466, 0.0038024303503334522, 0.003759742481634021, 0.0037210581358522177, 0.003670899197459221, 0.0036412994377315044, 0.0036178305745124817, 0.003568314015865326, 0.0035652732476592064, 0.003517195815220475, 0.0034537736792117357, 0.003387896344065666, 0.0033808338921517134, 0.003339173039421439, 0.0033178830053657293, 0.0032901426311582327, 0.0032495451159775257, 0.0032197132240980864, 0.003199236234650016, 0.003134259022772312, 0.0030925306491553783, 0.003072962863370776, 0.0030241531785577536, 0.0029912421014159918, 0.0029504273552447557, 0.0029152773786336184, 0.0029003277886658907, 0.002829194301739335, 0.0028208126313984394, 0.0027824523858726025, 0.002754781860858202, 0.002735177055001259, 0.0026942885015159845, 0.0026799498591572046, 0.002639123471453786, 0.0026143479626625776, 0.0025899983011186123, 0.0025626877322793007, 0.0025239037349820137, 0.0025120216887444258, 0.00244448846206069, 0.0024277970660477877, 0.002400278579443693, 0.0023899220395833254, 0.002331953728571534, 0.0023163461592048407, 0.002292418386787176, 0.0022802958264946938, 0.0022335737012326717, 0.00220349058508873, 0.0021904027089476585, 0.0021639978513121605, 0.002139486139640212, 0.002113651018589735, 0.0020751270931214094, 0.0020471124444156885, 0.002023096662014723, 0.0020094704814255238, 0.001997389830648899, 0.0019937725737690926, 0.0019594673067331314, 0.001929227146320045, 0.0019232898484915495, 0.001900338800624013, 0.0018617893802002072, 0.0018469156930223107, 0.0018380135297775269, 0.00180429860483855, 0.001777445082552731, 0.0017580261919647455, 0.0017477209912613034, 0.001736924285069108, 0.0017238659784197807, 0.0016915310407057405, 0.0016614097403362393, 0.0016493817092850804, 0.0016274276422336698, 0.0016215468058362603, 0.0016008910024538636, 0.0015932205133140087, 0.0015754937194287777, 0.0015602742787450552, 0.0015456335386261344, 0.0015372908674180508, 0.001525816973298788, 0.0015048377681523561, 0.0014899128582328558, 0.0014782182406634092, 0.0014610326616093516, 0.0014456144999712706, 0.0014162941370159388, 0.0013950386783108115, 0.0013747422490268946, 0.0013509760610759258, 0.001333982334472239, 0.0013274559751152992, 0.0013151770690456033, 0.0013028691755607724, 0.0012941242894157767, 0.0012749345041811466, 0.0012664881069213152, 0.0012579530011862516, 0.0012440247228369117, 0.0012402371503412724, 0.0012329744640737772, 0.0012205054517835379, 0.001214943709783256, 0.0011743323411792517, 0.0011722489725798368, 0.0011622211895883083, 0.0011442839168012142, 0.001131023047491908, 0.001121731474995613, 0.001117891981266439, 0.0011056786170229316, 0.0010982220992445946, 0.001084973686374724, 0.001077913912013173, 0.0010619147215038538, 0.0010444740764796734, 0.001033711014315486, 0.0010125262197107077, 0.0009991868864744902, 0.000991720356978476, 0.0009867671178653836, 0.0009779200190678239, 0.0009730163146741688, 0.0009520893217995763, 0.0009434951934963465, 0.000933981966227293, 0.0009266785345971584, 0.0009111018152907491, 0.0009043156169354916, 0.0008799098432064056, 0.0008721027988940477, 0.0008646180504001677], "subsets_self_expl_vars": [0.9099687337875366, 0.9029383063316345, 0.900516152381897, 0.899639368057251, 0.8993982076644897, 0.898940920829773, 0.8987398147583008, 0.8982941508293152, 0.898094117641449, 0.8979914784431458], "r2_values": [0.8870486591138649, 0.8930879923119861, 0.89518950809871, 0.8962570801916665, 0.897006641255916, 0.8973546288666676, 0.8976835776365871, 0.8978446023564972, 0.8980875001717864, 0.8982464138792486], "subset_sizes": [2500, 5000, 7500, 10000, 12500, 15000, 17500, 20000, 22500, 25000]}, "modelling_metrics": {"subset_size": [2500, 5000, 7500, 10000, 12500, 15000, 17500, 20000, 22500, 25000], "test_accuracies": [0.8818, 0.88252, 0.89428, 0.8922, 0.90108, 0.89912, 0.90104, 0.89888, 0.9002, 0.90496], "test_losses": [0.32870280742645264, 0.2757122814655304, 0.2696215510368347, 0.25755637884140015, 0.2616974115371704, 0.26466870307922363, 0.2645717263221741, 0.25178614258766174, 0.27990618348121643, 0.2558138966560364]}}