{"variance_metrics": {"full_set_var_sum": 0.8371616005897522, "full_set_var_values": [0.045681219547986984, 0.030603904277086258, 0.029345836490392685, 0.026773635298013687, 0.02451908029615879, 0.022191615775227547, 0.02012275904417038, 0.018668321892619133, 0.01699906215071678, 0.0161441620439291, 0.015137050300836563, 0.01488886121660471, 0.014030903577804565, 0.013279978185892105, 0.012955030426383018, 0.012708143331110477, 0.012045631185173988, 0.011758376844227314, 0.011413678526878357, 0.01112492848187685, 0.010817628353834152, 0.010292262770235538, 0.010020196437835693, 0.0099154869094491, 0.00980390701442957, 0.009520405903458595, 0.009171979501843452, 0.009023783728480339, 0.008810154162347317, 0.008649900555610657, 0.008559624664485455, 0.008421508595347404, 0.008255038410425186, 0.008040486834943295, 0.00796289462596178, 0.007754337042570114, 0.007561211474239826, 0.007403586059808731, 0.007246369495987892, 0.007178264670073986, 0.007105707190930843, 0.007073891814798117, 0.00701515655964613, 0.006922826636582613, 0.006824534852057695, 0.006709013134241104, 0.006464524194598198, 0.006378461606800556, 0.006308684125542641, 0.006211463361978531, 0.006060922052711248, 0.0058832718059420586, 0.005790347699075937, 0.005744500085711479, 0.005685105919837952, 0.005605117417871952, 0.005450089927762747, 0.005424275528639555, 0.005360165145248175, 0.005268511828035116, 0.0052055008709430695, 0.005126036237925291, 0.005103889852762222, 0.004987427499145269, 0.004908351693302393, 0.00485070189461112, 0.0048158736899495125, 0.004754873923957348, 0.004701597616076469, 0.004646765999495983, 0.004573200363665819, 0.004494079388678074, 0.004411114379763603, 0.00431771669536829, 0.004260518122464418, 0.004235087428241968, 0.0041322847828269005, 0.004103551618754864, 0.0040036700665950775, 0.003965509589761496, 0.003928548190742731, 0.0038638797122985125, 0.0038357186131179333, 0.003739312058314681, 0.0037044992204755545, 0.003581488970667124, 0.003559473669156432, 0.003456737147644162, 0.0034018042497336864, 0.00336597952991724, 0.0033162059262394905, 0.0032649231143295765, 0.0032032739836722612, 0.0031988234259188175, 0.0031107484828680754, 0.0030630810651928186, 0.003039545612409711, 0.002976536052301526, 0.002973721129819751, 0.0028917144518345594], "subsets_self_expl_vars": [0.8459884524345398, 0.841711699962616, 0.839440107345581, 0.838645875453949, 0.8380483984947205, 0.8377070426940918, 0.8374029994010925, 0.837614119052887, 0.8370150923728943, 0.8371802568435669], "r2_values": [0.8272682448702291, 0.8329923889417082, 0.834808019959378, 0.8358120781610308, 0.8362988372744733, 0.8366101060330036, 0.836960301184997, 0.8371864863096644, 0.837203001344333, 0.8375351707573807], "subset_sizes": [2500, 5000, 7500, 10000, 12500, 15000, 17500, 20000, 22500, 25000]}, "modelling_metrics": {"subset_size": [2500, 5000, 7500, 10000, 12500, 15000, 17500, 20000, 22500, 25000], "test_accuracies": [0.84924, 0.86464, 0.87212, 0.87452, 0.87344, 0.88776, 0.87796, 0.86952, 0.8856, 0.87224], "test_losses": [0.3549751937389374, 0.3151463568210602, 0.309031218290329, 0.2919221818447113, 0.298308789730072, 0.2910977303981781, 0.2845411002635956, 0.29527366161346436, 0.2719684839248657, 0.2976611256599426]}}