{"variance_metrics": {"full_set_var_sum": 0.8083503324190945, "full_set_var_values": [0.04198922358603414, 0.032981136874841506, 0.025983175393529474, 0.0235379249070626, 0.0174931695045069, 0.016894178111572688, 0.015953670425451094, 0.015226488613183611, 0.015144816160444437, 0.014525511871737002, 0.013861940729466483, 0.013108334778331485, 0.012609335538431103, 0.012410754131184313, 0.011551280039261926, 0.011343396333679843, 0.011034595640995095, 0.010999976414707832, 0.010790415705458344, 0.010439012213042656, 0.009924209857501668, 0.009857690870333747, 0.009526268973738976, 0.00947078540452659, 0.00937993907265188, 0.009178228121881616, 0.00905681909961783, 0.008871114145240727, 0.008626033116999802, 0.008410257565973868, 0.008317002564739022, 0.008264438643803449, 0.008146200172874825, 0.00807005729979575, 0.007817981202203388, 0.007719985482106948, 0.007477740467790053, 0.0074268843063806525, 0.0072607638195428675, 0.007161419158272516, 0.007091058926217765, 0.006986308248298847, 0.0069145774920114, 0.006874083896699988, 0.006831884700168282, 0.006728661023658231, 0.006665909898977279, 0.006598641979669602, 0.006487620344021404, 0.006389032708537851, 0.006306426248929862, 0.006256224054201574, 0.00612123227346944, 0.0060620461305229, 0.005991824030044357, 0.005935749624597799, 0.005825349581042539, 0.005788638416782773, 0.005683984862628376, 0.005640225750523159, 0.005566986338426811, 0.005525285710552982, 0.005428375618313306, 0.005285745053501545, 0.005266000331750769, 0.005173655596020078, 0.0051136304116633675, 0.005066296605447284, 0.004994232930478118, 0.004936674150163785, 0.004856372761233777, 0.004827882584064297, 0.004756810650646191, 0.004615701151902132, 0.004582094710648243, 0.004565523238114974, 0.004465366784046163, 0.0044203569336844955, 0.004396977085258262, 0.0043907010015525215, 0.004296258932084634, 0.004225255794666397, 0.00412887880397865, 0.004073577072036507, 0.004041956272190614, 0.0039788328397456635, 0.003914781875349531, 0.003857167518658834, 0.0038557147090145312, 0.0037763238553769124, 0.003749788563756666, 0.003712006340204815, 0.0036622166516875093, 0.0035546048695387234, 0.003501475202674813, 0.0034927100527149717, 0.003421568244144056, 0.0033788211077075067, 0.0032798614342481897, 0.003192226121943859], "subsets_self_expl_vars": [0.810107409954071, 0.8096088767051697, 0.8086947202682495, 0.8091601133346558, 0.8087598085403442, 0.8085093384694564, 0.8086088472742036, 0.8087216841673309, 0.8083411350283503, 0.8081620358620163], "r2_values": [0.8061061740029167, 0.8076690865251619, 0.8080784343557831, 0.808452501361541, 0.808588782969467, 0.8085881625297202, 0.8087601727956026, 0.80888130945329, 0.8087126396995268, 0.8085773717440858], "subset_sizes": [13089, 26178, 39267, 52356, 65445, 78534, 91623, 104712, 117801, 130890]}, "modelling_metrics": {"subset_size": [39269, 78538, 117807, 157076, 196345, 235614, 274883, 314152, 353421, 392690], "test_accuracies": [0.7872253864930838, 0.7971928397070789, 0.8101098454027664, 0.8205858421480878, 0.8246541903986981, 0.8275020341741253, 0.8225183075671277, 0.8364524003254679, 0.8216029292107404, 0.8364524003254679], "test_losses": [0.5458050966262817, 0.5065803527832031, 0.49007073044776917, 0.4703911542892456, 0.4529756009578705, 0.4586998224258423, 0.44616609811782837, 0.4381905198097229, 0.4609995186328888, 0.4381905198097229]}}