{"variance_metrics": {"full_set_var_sum": 0.8103913758089027, "full_set_var_values": [0.04188038111081947, 0.03186244169849457, 0.026138037429748705, 0.019905717750246847, 0.01864869344290363, 0.017615749061565385, 0.015885471853052367, 0.015700097180336794, 0.015481489262372177, 0.014274613441129267, 0.013538896774176313, 0.013291719526168052, 0.012803064991036717, 0.012528366996071067, 0.01186663470443899, 0.011615207275638707, 0.011204298337768091, 0.0110882350070542, 0.01091866658459975, 0.010471753634651072, 0.010227392744040789, 0.010023062652512647, 0.009748172037393109, 0.009738624232487038, 0.009542840662994014, 0.009356162100005965, 0.009149790690752292, 0.00903766296590454, 0.008766463477225055, 0.008554864539357117, 0.008431739799392232, 0.008357001470037052, 0.008223560154196875, 0.008061786009389576, 0.008019244879603649, 0.0077863443182676385, 0.007511742633378934, 0.007397611203025051, 0.0073669076644716025, 0.00719434394163597, 0.007130084034675917, 0.007039204934259814, 0.007026432736363497, 0.006986966120572334, 0.006837418226597961, 0.0067415139057173884, 0.006626349848976386, 0.006598153221834053, 0.006475747673094634, 0.006385586624139773, 0.006299569757904082, 0.006242837423762718, 0.006211995403856031, 0.006063404341947869, 0.006030450908815862, 0.005927869279227848, 0.0058514566362273274, 0.005735878845072943, 0.005718853616974046, 0.005661233976384146, 0.005576457743506491, 0.005525219072925741, 0.005431835340626971, 0.005299658023311426, 0.005194078243931671, 0.0051712561749885245, 0.005126926185252726, 0.005110637244842659, 0.0050217122701889366, 0.004957888323044638, 0.004883989999922688, 0.004814333879243188, 0.004732909123066775, 0.00467488173182567, 0.004647152977897368, 0.004598027715129329, 0.004484692410086046, 0.004437756349451628, 0.00440904739829052, 0.004339625214218036, 0.004302773787439286, 0.00427338753138795, 0.004109374034821165, 0.004060324566374035, 0.00405092835010978, 0.004032063257611978, 0.003951960912876686, 0.0038722438084491705, 0.003852370594495069, 0.0037846178800699736, 0.0037534843654629486, 0.0036953464170920965, 0.0036442604749173887, 0.0035607784443163052, 0.003504918314747505, 0.003439890776582457, 0.0034087148057580802, 0.003361080639536344, 0.0033007580480887686, 0.003188151622266857], "subsets_self_expl_vars": [0.8126845955848694, 0.8107494711875916, 0.8108308911323547, 0.8104644417762756, 0.8104498386383057, 0.8101761608507559, 0.8101558721295532, 0.8102294494336901, 0.8102323404538901, 0.8103329782472558], "r2_values": [0.8082397370279243, 0.8096126150662138, 0.8097941316704518, 0.81016563508605, 0.8102291553166654, 0.8104457485944121, 0.8102940030344268, 0.8103776453090034, 0.8105789177739587, 0.8106733390517608], "subset_sizes": [13090, 26180, 39270, 52360, 65450, 78540, 91630, 104720, 117810, 130900]}, "modelling_metrics": {"subset_size": [39269, 78538, 117807, 157076, 196345, 235614, 274883, 314152, 353421, 392690], "test_accuracies": [0.7872253864930838, 0.7971928397070789, 0.8101098454027664, 0.8205858421480878, 0.8246541903986981, 0.8275020341741253, 0.8225183075671277, 0.8364524003254679, 0.8216029292107404, 0.8364524003254679], "test_losses": [0.5458050966262817, 0.5065803527832031, 0.49007073044776917, 0.4703911542892456, 0.4529756009578705, 0.4586998224258423, 0.44616609811782837, 0.4381905198097229, 0.4609995186328888, 0.4381905198097229]}}