{"variance_metrics": {"full_set_var_sum": 0.8311789035797119, "full_set_var_values": [0.05376775562763214, 0.02616167813539505, 0.023240013048052788, 0.0192248597741127, 0.018540360033512115, 0.016556788235902786, 0.016194546595215797, 0.01509044785052538, 0.01413337979465723, 0.012723829597234726, 0.012686582282185555, 0.011885247193276882, 0.01123821921646595, 0.011053971946239471, 0.01008811965584755, 0.009967572055757046, 0.009077201597392559, 0.008785417303442955, 0.008644886314868927, 0.008430810645222664, 0.007931236177682877, 0.007820423692464828, 0.007657319772988558, 0.007310896646231413, 0.007128255907446146, 0.0069785090163350105, 0.006772259250283241, 0.006690643727779388, 0.006643603555858135, 0.006252130959182978, 0.0061791446059942245, 0.006112937815487385, 0.005919185932725668, 0.005811081733554602, 0.0056817783042788506, 0.005569051951169968, 0.005443736910820007, 0.005392815452069044, 0.005240216385573149, 0.005223921500146389, 0.005062836688011885, 0.005008131265640259, 0.004911818075925112, 0.004832596518099308, 0.004760940559208393, 0.004658311139792204, 0.004586243536323309, 0.004504361189901829, 0.00444340193644166, 0.0043142796494066715, 0.00427288468927145, 0.004195116925984621, 0.004152362234890461, 0.004101444035768509, 0.0040101539343595505, 0.003994971513748169, 0.003975654952228069, 0.003879112657159567, 0.0038125331047922373, 0.003804509062319994, 0.0037772718351334333, 0.0036749467253684998, 0.0036380982492119074, 0.0035961312241852283, 0.0035360187757760286, 0.0034960228949785233, 0.0034455363638699055, 0.003389294957742095, 0.0033497773110866547, 0.003335158806294203, 0.003291395027190447, 0.0032464959658682346, 0.003228467423468828, 0.0031920906621962786, 0.0031775906682014465, 0.0031714809592813253, 0.0031307947356253862, 0.0030904633458703756, 0.0030813885387033224, 0.0030130832456052303, 0.0029851673170924187, 0.0029685909394174814, 0.00296604260802269, 0.0029485123232007027, 0.0029024959076195955, 0.002878770465031266, 0.0028413026593625546, 0.002836041385307908, 0.0028002294711768627, 0.002762823598459363, 0.002738464856520295, 0.0027345663402229548, 0.0026915816124528646, 0.00267112348228693, 0.0026108664460480213, 0.0026036787312477827, 0.002575615420937538, 0.0025616914499551058, 0.0025508853141218424, 0.002540072426199913, 0.002516128122806549, 0.00250400067307055, 0.002482734154909849, 0.002471305662766099, 0.002417863579466939, 0.0024173560086637735, 0.002397478325292468, 0.0023662997409701347, 0.00234604487195611, 0.002334748627617955, 0.002319806255400181, 0.002295525511726737, 0.0022918605245649815, 0.0022831258829683065, 0.002263760194182396, 0.002251115394756198, 0.0022247026208788157, 0.002217888133600354, 0.0021899996791034937, 0.0021771416068077087, 0.002150030340999365, 0.0021428726613521576, 0.002129435306414962, 0.002100521931424737, 0.002085316926240921, 0.002076218370348215, 0.0020579535048455, 0.0020502738188952208, 0.002037521917372942, 0.002025868510827422, 0.002016032813116908, 0.0019982894882559776, 0.0019809838850051165, 0.001969534670934081, 0.0019387853099033237, 0.0019332710653543472, 0.0019190212478861213, 0.0018873040098696947, 0.0018734055338427424, 0.001867755432613194, 0.0018623934593051672, 0.0018421073909848928, 0.001821461715735495, 0.001801314647309482, 0.0017901882529258728, 0.0017840531654655933, 0.0017773930449038744, 0.0017589646158739924, 0.0017535152146592736, 0.0017437899950891733, 0.001728741219267249, 0.0017138090915977955, 0.0017004130640998483, 0.001693728961981833, 0.001680871588177979, 0.0016689898911863565, 0.001654246705584228, 0.001644145231693983, 0.0016145330155268312, 0.0016083394875749946, 0.0015954975970089436, 0.0015875776298344135, 0.0015800927067175508, 0.0015640995698049664, 0.0015469326172024012, 0.0015436600660905242, 0.0015343076083809137, 0.001512058894149959, 0.0015060285804793239, 0.001502718892879784, 0.0014851747546344995, 0.0014758941251784563, 0.0014653436373919249, 0.001443815534003079, 0.0014344422379508615, 0.0014328096294775605, 0.001413733814842999, 0.001406726660206914, 0.0013885590014979243, 0.0013809879310429096, 0.001376238651573658, 0.001359388930723071, 0.0013459186302497983, 0.0013322820886969566, 0.00131945067550987, 0.0013162714894860983, 0.0012963236076757312, 0.0012919208966195583, 0.0012802541023120284, 0.0012749737361446023, 0.0012617582688108087, 0.0012473559472709894, 0.001234258059412241, 0.0012120315805077553, 0.0012015900574624538, 0.0011870983289554715, 0.0011724373325705528, 0.0011576146353036165, 0.0011559888953343034, 0.0011404739925637841], "subsets_self_expl_vars": [0.8402913808822632, 0.8357405066490173, 0.834270715713501, 0.832531213760376, 0.8322920203208923, 0.8312886357307434, 0.8316582441329956, 0.8316481113433838, 0.8315070867538452, 0.8314087390899658], "r2_values": [0.8225366954785767, 0.8276734963962983, 0.8294683561269097, 0.8302591406563209, 0.8308673670286855, 0.8310262875154178, 0.8314008131858754, 0.8315563909921682, 0.8317919433590023, 0.8318644983286314], "subset_sizes": [5387, 10774, 16161, 21548, 26935, 32322, 37709, 43096, 48483, 53870]}, "modelling_metrics": {"subset_size": [5387, 10774, 16161, 21548, 26935, 32322, 37709, 43096, 48483, 53870], "test_accuracies": [0.8999257609502599, 0.9180400890868596, 0.9170007423904974, 0.916406829992576, 0.9306607275426875, 0.924127691165553, 0.9250185597624351, 0.9364513734224202, 0.9251670378619153, 0.9432813659985152], "test_losses": [0.2615826725959778, 0.2286248654127121, 0.2171531766653061, 0.2270224541425705, 0.20432014763355255, 0.23179374635219574, 0.21146619319915771, 0.22144374251365662, 0.21263189613819122, 0.1729501187801361]}}