{"variance_metrics": {"full_set_var_sum": 0.8372086882591248, "full_set_var_values": [0.04720382019877434, 0.04449442774057388, 0.035342540591955185, 0.02611236274242401, 0.025804005563259125, 0.023139378055930138, 0.022728022187948227, 0.02003154531121254, 0.019578024744987488, 0.017777904868125916, 0.01740375906229019, 0.015105337835848331, 0.014606681652367115, 0.013795499689877033, 0.013297894038259983, 0.012884845025837421, 0.012521425262093544, 0.012064680457115173, 0.01186714693903923, 0.010915016755461693, 0.010571707040071487, 0.010373061522841454, 0.009938063099980354, 0.009739001281559467, 0.009406263940036297, 0.009144311770796776, 0.008902671746909618, 0.008726762607693672, 0.008597582578659058, 0.008209244348108768, 0.007903067395091057, 0.007700569927692413, 0.00765777425840497, 0.0074989162385463715, 0.007375512737780809, 0.007219696417450905, 0.007143083494156599, 0.007050830405205488, 0.006823307368904352, 0.006683650426566601, 0.006506286095827818, 0.006437186151742935, 0.006371902301907539, 0.006186423823237419, 0.006025302689522505, 0.005910935346037149, 0.005829904694110155, 0.005708878859877586, 0.005694387946277857, 0.0056349546648561954, 0.005554644390940666, 0.005367262754589319, 0.005301389843225479, 0.005234577693045139, 0.005223684012889862, 0.005026852712035179, 0.004986083600670099, 0.004956125281751156, 0.004829149227589369, 0.0047805351205170155, 0.004758993163704872, 0.004593950230628252, 0.004575907718390226, 0.004501028452068567, 0.004438308533281088, 0.004383324179798365, 0.0042944238521158695, 0.004258692264556885, 0.004229278303682804, 0.004180092364549637, 0.0041275061666965485, 0.004110534675419331, 0.003967267461121082, 0.003925906959921122, 0.0038618678227066994, 0.0038147270679473877, 0.0037286721635609865, 0.0036666695959866047, 0.003622818738222122, 0.003533576847985387, 0.003506777109578252, 0.00343606760725379, 0.0033957751002162695, 0.0033209288958460093, 0.003244266612455249, 0.003213954158127308, 0.0031999938655644655, 0.003078120294958353, 0.0030653851572424173, 0.003039718372747302, 0.0029766159132122993, 0.002895260928198695, 0.0028466719668358564, 0.0027771880850195885, 0.002748316852375865, 0.002699220320209861, 0.0026610707864165306, 0.002582971239462495, 0.0025484052021056414, 0.0024925244506448507], "subsets_self_expl_vars": [0.8426812291145325, 0.8394588232040405, 0.8384813070297241, 0.8378698229789734, 0.8376452922821045, 0.8372507691383362, 0.8374581336975098, 0.8372552990913391, 0.8373733758926392, 0.8370584845542908], "r2_values": [0.8326984841283719, 0.8352032022698168, 0.8361579764252942, 0.8366096429581491, 0.8368361176250638, 0.8369627866439873, 0.8371792298266664, 0.8372673515791407, 0.8374274691398044, 0.8373776422490278], "subset_sizes": [5387, 10774, 16161, 21548, 26935, 32322, 37709, 43096, 48483, 53870]}, "modelling_metrics": {"subset_size": [5387, 10774, 16161, 21548, 26935, 32322, 37709, 43096, 48483, 53870], "test_accuracies": [0.8999257609502599, 0.9180400890868596, 0.9170007423904974, 0.916406829992576, 0.9306607275426875, 0.924127691165553, 0.9250185597624351, 0.9364513734224202, 0.9251670378619153, 0.9432813659985152], "test_losses": [0.2615826725959778, 0.2286248654127121, 0.2171531766653061, 0.2270224541425705, 0.20432014763355255, 0.23179374635219574, 0.21146619319915771, 0.22144374251365662, 0.21263189613819122, 0.1729501187801361]}}