{"variance_metrics": {"full_set_var_sum": 0.872851550579071, "full_set_var_values": [0.04214965179562569, 0.033418331295251846, 0.029523521661758423, 0.024889817461371422, 0.02264440804719925, 0.02191074565052986, 0.02101931720972061, 0.01945141702890396, 0.01820247806608677, 0.017229078337550163, 0.016690490767359734, 0.01602262072265148, 0.015465743839740753, 0.014637097716331482, 0.014443360269069672, 0.013771910220384598, 0.013670515269041061, 0.013107987120747566, 0.012740446254611015, 0.012544339522719383, 0.012343260459601879, 0.012045606039464474, 0.011769804172217846, 0.01160972286015749, 0.011464417912065983, 0.010985547676682472, 0.010881535708904266, 0.01064711157232523, 0.01025543361902237, 0.010191445238888264, 0.00989285483956337, 0.009547751396894455, 0.009296581149101257, 0.009243590757250786, 0.008887826465070248, 0.008783305995166302, 0.008654159493744373, 0.008554051630198956, 0.008269237354397774, 0.008146336302161217, 0.008038894273340702, 0.007715712301433086, 0.007542168255895376, 0.007380540948361158, 0.007259621750563383, 0.00709189847111702, 0.00700770877301693, 0.006892341189086437, 0.006689766421914101, 0.006605600938200951, 0.006469884887337685, 0.006291583646088839, 0.006214923225343227, 0.006178086623549461, 0.005987886805087328, 0.005933751817792654, 0.005703894887119532, 0.005602614488452673, 0.00548379123210907, 0.005376503337174654, 0.005290298722684383, 0.005114012863487005, 0.005030546337366104, 0.004935088567435741, 0.004789181053638458, 0.0047389003448188305, 0.004709664732217789, 0.004560402128845453, 0.004456094931811094, 0.004304845817387104, 0.004214074462652206, 0.004176618997007608, 0.0040791891515254974, 0.0040250299498438835, 0.003988313023000956, 0.0038160968106240034, 0.003782017854973674, 0.0037159533239901066, 0.0036570923402905464, 0.003637484274804592, 0.0035590394400060177, 0.003447187365964055, 0.003421282861381769, 0.0033653334248811007, 0.0033480492420494556, 0.003266263986006379, 0.0031627845019102097, 0.003109381068497896, 0.003059596521779895, 0.0029267999343574047, 0.0029154098592698574, 0.0028364546597003937, 0.0028054947033524513, 0.002716164570301771, 0.002680359873920679, 0.0026479517109692097, 0.0026137155946344137, 0.002536248182877898, 0.0025089923292398453, 0.0024340564850717783], "subsets_self_expl_vars": [0.8997571468353271, 0.8829153776168823, 0.8793449997901917, 0.8762258887290955, 0.8745217323303223, 0.8748219013214111, 0.8748345375061035, 0.8733060956001282, 0.8729365468025208, 0.8728638887405396], "r2_values": [0.8438645204400118, 0.8596265867172379, 0.8654230925163874, 0.8679656772078227, 0.8692308248037898, 0.8706146316977786, 0.8714985169484193, 0.8720394490443387, 0.8724912361589005, 0.8730284386012471], "subset_sizes": [634, 1268, 1902, 2536, 3170, 3804, 4438, 5072, 5706, 6340]}, "modelling_metrics": {"subset_size": [1524, 3048, 4572, 6096, 7620, 9144, 10668, 12192, 13716, 15240], "test_accuracies": [0.364, 0.391, 0.384, 0.386, 0.395, 0.39, 0.408, 0.422, 0.444, 0.429], "test_losses": [1.453943133354187, 1.3781349658966064, 1.4177685976028442, 1.3938406705856323, 1.4281091690063477, 1.3248783349990845, 1.3543859720230103, 1.4117305278778076, 1.3711957931518555, 1.5457777976989746]}}