{"variance_metrics": {"full_set_var_sum": 0.8727920651435852, "full_set_var_values": [0.04135056212544441, 0.03258649259805679, 0.028585383668541908, 0.02451479248702526, 0.022169675678014755, 0.021061167120933533, 0.020024215802550316, 0.018789930269122124, 0.017318125814199448, 0.01709422655403614, 0.016420502215623856, 0.015795795246958733, 0.01534927636384964, 0.014772445894777775, 0.01426437683403492, 0.014160433784127235, 0.013870642520487309, 0.01357796136289835, 0.013400891795754433, 0.012847390957176685, 0.01245851255953312, 0.011982891708612442, 0.011807163245975971, 0.011571390554308891, 0.011503399349749088, 0.011462608352303505, 0.01072493102401495, 0.010650472715497017, 0.010389775037765503, 0.010116584599018097, 0.009966298006474972, 0.009830106981098652, 0.009446683339774609, 0.009263361804187298, 0.009143657051026821, 0.00899291131645441, 0.008739829063415527, 0.008616266772150993, 0.008367737755179405, 0.008122576400637627, 0.00803813524544239, 0.007902884855866432, 0.007670748978853226, 0.007470797281712294, 0.007363928947597742, 0.0071169789880514145, 0.007098001427948475, 0.0069069829769432545, 0.006895803846418858, 0.006757748778909445, 0.006546173710376024, 0.00643527414649725, 0.0062943617813289165, 0.006149206776171923, 0.006000141613185406, 0.005850808694958687, 0.005697599146515131, 0.00559235829859972, 0.005518224555999041, 0.005437575746327639, 0.0052920738235116005, 0.005231732036918402, 0.0051291873678565025, 0.005025313701480627, 0.004916507285088301, 0.004885401576757431, 0.004695462062954903, 0.0046654194593429565, 0.004536367487162352, 0.004463847726583481, 0.004414909984916449, 0.0043095992878079414, 0.004183444194495678, 0.004109728150069714, 0.004023061133921146, 0.003936426248401403, 0.00383098260499537, 0.0037755928933620453, 0.0037299045361578465, 0.0036893892101943493, 0.0035463403910398483, 0.003513194853439927, 0.003458544611930847, 0.0034243313129991293, 0.0033487961627542973, 0.0032782163470983505, 0.0031810556538403034, 0.0031724292784929276, 0.003093267558142543, 0.003030619816854596, 0.0029801838099956512, 0.002894883044064045, 0.002868883777409792, 0.002799856709316373, 0.002790924860164523, 0.0026999267283827066, 0.0025872515980154276, 0.002517180284485221, 0.0024780440144240856, 0.0024285989347845316], "subsets_self_expl_vars": [0.9141213297843933, 0.8913238048553467, 0.883971631526947, 0.8799373507499695, 0.8783861994743347, 0.8760551810264587, 0.8739838004112244, 0.8741164207458496, 0.8733853101730347, 0.8727807998657227], "r2_values": [0.827127006072324, 0.8509484744350702, 0.8611812367839703, 0.8655667034642368, 0.8674747690479, 0.8696025522221806, 0.8707634163099345, 0.8717057035052288, 0.8724008554718664, 0.8729626563300541], "subset_sizes": [407, 814, 1221, 1628, 2035, 2442, 2849, 3256, 3663, 4070]}, "modelling_metrics": {"subset_size": [1524, 3048, 4572, 6096, 7620, 9144, 10668, 12192, 13716, 15240], "test_accuracies": [0.364, 0.391, 0.384, 0.386, 0.395, 0.39, 0.408, 0.422, 0.444, 0.429], "test_losses": [1.453943133354187, 1.3781349658966064, 1.4177685976028442, 1.3938406705856323, 1.4281091690063477, 1.3248783349990845, 1.3543859720230103, 1.4117305278778076, 1.3711957931518555, 1.5457777976989746]}}