{"variance_metrics": {"full_set_var_sum": 0.8372085094451904, "full_set_var_values": [0.04720380902290344, 0.044494450092315674, 0.035342536866664886, 0.02611238695681095, 0.02580399066209793, 0.023139387369155884, 0.022728022187948227, 0.020031532272696495, 0.019578007981181145, 0.01777792163193226, 0.017403751611709595, 0.015105344355106354, 0.014606666751205921, 0.01379549503326416, 0.01329789124429226, 0.012884845025837421, 0.01252143457531929, 0.012064694426953793, 0.011867150664329529, 0.010915021412074566, 0.01057171169668436, 0.010373061522841454, 0.009938064962625504, 0.009738999418914318, 0.00940626859664917, 0.009144316427409649, 0.008902674540877342, 0.00872676633298397, 0.008597584441304207, 0.008209249936044216, 0.007903060875833035, 0.007700569927692413, 0.00765777425840497, 0.007498912047594786, 0.007375513669103384, 0.007219691760838032, 0.007143080700188875, 0.00705082667991519, 0.006823307368904352, 0.006683649495244026, 0.0065062823705375195, 0.006437181029468775, 0.006371898576617241, 0.00618642196059227, 0.006025300361216068, 0.005910933017730713, 0.005829904694110155, 0.005708874203264713, 0.005694387014955282, 0.0056349546648561954, 0.005554641131311655, 0.0053672525100409985, 0.005301387049257755, 0.0052345748990774155, 0.0052236816845834255, 0.005026846192777157, 0.004986080806702375, 0.004956122953444719, 0.004829145967960358, 0.004780536983162165, 0.004758991301059723, 0.0045939479023218155, 0.004575904458761215, 0.004501024726778269, 0.004438304342329502, 0.004383320454508066, 0.004294420126825571, 0.004258689936250448, 0.00422927550971508, 0.004180092364549637, 0.00412750244140625, 0.004110532347112894, 0.003967266529798508, 0.00392590556293726, 0.003861864795908332, 0.0038147259037941694, 0.0037286689039319754, 0.003666667267680168, 0.0036228178068995476, 0.003533576615154743, 0.0035067761782556772, 0.0034360664431005716, 0.003395774634554982, 0.00332092703320086, 0.0032442640513181686, 0.0032139525283128023, 0.003199988044798374, 0.003078118432313204, 0.003065383294597268, 0.003039718372747302, 0.0029766152147203684, 0.002895259764045477, 0.002846670104190707, 0.00277718692086637, 0.0027483163867145777, 0.00269921962171793, 0.0026610735803842545, 0.0025829707738012075, 0.002548402873799205, 0.002492524916306138], "subsets_self_expl_vars": [0.8419082164764404, 0.8389540314674377, 0.8383931517601013, 0.8375496864318848, 0.8378329873085022, 0.8374130725860596, 0.8375052809715271, 0.837279736995697, 0.8373737335205078, 0.8370535969734192], "r2_values": [0.8325133956563037, 0.8351645107411472, 0.8361134084123776, 0.8366398954331562, 0.8368270873776312, 0.8370110649892851, 0.8371291911691646, 0.8372536244821148, 0.8374124401353322, 0.8373761403294092], "subset_sizes": [5387, 10774, 16161, 21548, 26935, 32322, 37709, 43096, 48483, 53870]}, "modelling_metrics": {"subset_size": [5387, 10774, 16161, 21548, 26935, 32322, 37709, 43096, 48483, 53870], "test_accuracies": [0.8947290274684484, 0.9083890126206384, 0.9210096510764663, 0.9303637713437268, 0.9265033407572383, 0.9294729027468448, 0.9337787676317744, 0.9371937639198218, 0.9441722345953972, 0.9521900519673349], "test_losses": [0.2522113621234894, 0.23360879719257355, 0.2216118425130844, 0.21383436024188995, 0.19731098413467407, 0.18864569067955017, 0.18468749523162842, 0.1793401539325714, 0.18907739222049713, 0.1765681803226471]}}