{"variance_metrics": {"full_set_var_sum": 0.8224057555198669, "full_set_var_values": [0.03258544206619263, 0.0243424903601408, 0.022389071062207222, 0.021753964945673943, 0.020729878917336464, 0.02046944946050644, 0.018140874803066254, 0.01667787693440914, 0.01640338823199272, 0.015645837411284447, 0.015251335687935352, 0.014367583207786083, 0.013927459716796875, 0.013616828247904778, 0.013291705399751663, 0.012499464675784111, 0.012226635590195656, 0.011992496438324451, 0.011667725630104542, 0.011183063499629498, 0.010987082496285439, 0.01083043310791254, 0.01073733251541853, 0.010216418653726578, 0.010047666728496552, 0.009813353419303894, 0.009594850242137909, 0.009564639069139957, 0.009209029376506805, 0.009136578999459743, 0.008980870246887207, 0.008830154314637184, 0.008677714504301548, 0.008488336578011513, 0.008284256793558598, 0.00819295272231102, 0.008139751851558685, 0.007958653382956982, 0.007794528733938932, 0.0076179602183401585, 0.007471275050193071, 0.0074346596375107765, 0.0072388374246656895, 0.0070751262828707695, 0.0069604068994522095, 0.006869651842862368, 0.006827029399573803, 0.006740189623087645, 0.006629581563174725, 0.006605415139347315, 0.006449037231504917, 0.0064179603941738605, 0.0063604936003685, 0.006277152802795172, 0.006161943543702364, 0.006077793426811695, 0.006022708490490913, 0.0059310696087777615, 0.005859765689820051, 0.005722311325371265, 0.005680892150849104, 0.005470923613756895, 0.005434741266071796, 0.0053443750366568565, 0.005322224460542202, 0.005224292166531086, 0.005096930544823408, 0.005047054961323738, 0.00496642617508769, 0.0048874919302761555, 0.004834706895053387, 0.004730419255793095, 0.004661551211029291, 0.004644870758056641, 0.004538991488516331, 0.004437375348061323, 0.004421156831085682, 0.004349432419985533, 0.004323932342231274, 0.004230022896081209, 0.004131719470024109, 0.004069269634783268, 0.00406273826956749, 0.00401525991037488, 0.0038939572405070066, 0.00385416392236948, 0.0037410729564726353, 0.003649492282420397, 0.0036054058000445366, 0.0035691983066499233, 0.003529570298269391, 0.003461299929767847, 0.003433618927374482, 0.0033396324142813683, 0.0032745124772191048, 0.0032639577984809875, 0.003193116746842861, 0.003120886627584696, 0.0030878675170242786, 0.0030636347364634275], "subsets_self_expl_vars": [0.8353150486946106, 0.8285030722618103, 0.8256171941757202, 0.8246791362762451, 0.8244047164916992, 0.8230265378952026, 0.8228407502174377, 0.8231200575828552, 0.8227518200874329, 0.822553277015686], "r2_values": [0.8102163905505184, 0.8173087578523873, 0.8195767560792432, 0.8206319327624384, 0.8214938047327305, 0.8220032236063911, 0.8221454504875902, 0.8224933590470581, 0.8227996829432982, 0.8228839675181006], "subset_sizes": [2003, 4006, 6009, 8012, 10015, 12018, 14021, 16024, 18027, 20030]}, "modelling_metrics": {"subset_size": [2003, 4006, 6009, 8012, 10015, 12018, 14021, 16024, 18027, 20030], "test_accuracies": [0.8383414861402283, 0.8781737712555323, 0.8942464477055672, 0.8928488236664337, 0.8986722571628232, 0.9065921267179129, 0.8991381318425343, 0.9117167481947356, 0.9149778709527138, 0.9217330538085255], "test_losses": [0.38923534750938416, 0.28896450996398926, 0.2857781648635864, 0.2652992308139801, 0.24578739702701569, 0.23328576982021332, 0.23861080408096313, 0.21540100872516632, 0.21521863341331482, 0.20300927758216858]}}