{"variance_metrics": {"full_set_var_sum": 0.8287742733955383, "full_set_var_values": [0.042914871126413345, 0.039469677954912186, 0.03284400328993797, 0.026410678401589394, 0.023141400888562202, 0.020842518657445908, 0.02040049619972706, 0.019507339224219322, 0.01699874922633171, 0.016653388738632202, 0.015358530916273594, 0.014542898163199425, 0.01401591394096613, 0.013581776060163975, 0.01315335277467966, 0.012589612975716591, 0.012149730697274208, 0.011766556650400162, 0.011166099458932877, 0.01101902686059475, 0.010483733378350735, 0.010298370383679867, 0.009951316751539707, 0.009617923758924007, 0.009296365082263947, 0.008965474553406239, 0.00877675972878933, 0.008761071600019932, 0.008667903952300549, 0.00832656491547823, 0.008302870206534863, 0.00815119780600071, 0.008092078380286694, 0.007735959254205227, 0.007687735836952925, 0.007464346010237932, 0.007402168121188879, 0.0070726568810641766, 0.007013342343270779, 0.006883915048092604, 0.006682680919766426, 0.006662210915237665, 0.006622226908802986, 0.006449595093727112, 0.006344369612634182, 0.0063041155226528645, 0.0062577566131949425, 0.006103845313191414, 0.0060450234450399876, 0.006023178342729807, 0.005877360701560974, 0.0057592433877289295, 0.00566361378878355, 0.005613055545836687, 0.0054346490651369095, 0.005353708751499653, 0.005304527468979359, 0.005249476060271263, 0.005194420926272869, 0.005118541419506073, 0.005071163177490234, 0.004999299068003893, 0.004885691683739424, 0.004867758601903915, 0.004781209863722324, 0.004688226617872715, 0.0046193962916731834, 0.004531730432063341, 0.004441597033292055, 0.004420406185090542, 0.004330859985202551, 0.004254281986504793, 0.0042245169170200825, 0.004143064375966787, 0.004032155964523554, 0.003978693392127752, 0.003949341364204884, 0.003916194196790457, 0.003881706390529871, 0.003821243066340685, 0.003748249728232622, 0.003742561209946871, 0.0036733350716531277, 0.003626228077337146, 0.0035444959066808224, 0.003510437672957778, 0.0034199755173176527, 0.0033793405164033175, 0.0033499537967145443, 0.0032739073503762484, 0.0032376928720623255, 0.0031643600668758154, 0.003155066864565015, 0.003138928208500147, 0.0030501869041472673, 0.0030330000445246696, 0.0029000688809901476, 0.0028810338117182255, 0.002828807570040226, 0.0027360774111002684], "subsets_self_expl_vars": [0.8586856722831726, 0.8434154987335205, 0.8368656635284424, 0.8347529172897339, 0.8330183625221252, 0.8317834138870239, 0.8305092453956604, 0.8298512697219849, 0.8289864659309387, 0.8287719488143921], "r2_values": [0.7992934577404894, 0.8149734321635795, 0.8210579563973475, 0.8238321591648768, 0.8255305385880203, 0.8268849713544009, 0.8277545825307011, 0.8281217729886687, 0.8286286348925115, 0.8291577980807633], "subset_sizes": [853, 1706, 2559, 3412, 4265, 5118, 5971, 6824, 7677, 8530]}, "modelling_metrics": {"subset_size": [853, 1706, 2559, 3412, 4265, 5118, 5971, 6824, 7677, 8530], "test_accuracies": [0.8292682926829268, 0.8433395872420263, 0.8320825515947468, 0.8339587242026266, 0.8395872420262664, 0.8461538461538461, 0.8452157598499062, 0.8470919324577861, 0.8658536585365854, 0.8470919324577861], "test_losses": [0.4049871563911438, 0.39870065450668335, 0.3884068429470062, 0.3748777508735657, 0.4069119989871979, 0.3535301089286804, 0.3749992251396179, 0.3565724492073059, 0.34568482637405396, 0.37557491660118103]}}